aggregate_id,migration_owner_session,producer_file,producer_symbol,producer_kind,origin,local_tables,write_operation,server_path,current_mechanism_before,capture_strategy_after,outbox_table,transaction_owner,mutation_id_source,organization_id_source,payload_version,operation_type,delete_policy,command_batch_strategy,attachment_strategy,legacy_compatibility_side_effect,remote_apply_exclusion,status,evidence
PARTY_IDENTITY,307,feature/party/src/main/kotlin/com/verto/app/data/repository/ClientRepository.kt,insertClient,DOMAIN_COMMAND,LOCAL_MUTATION,clients,UPSERT,clients|verto_upsert_client_v1,party_sync_outbox + Party contract v2; legacy clients participant coexists,ROOM_ATOMIC_UNIFIED_OUTBOX,sync_outbox,feature/party/src/main/kotlin/com/verto/app/data/repository/ClientRepository.kt#insertClient,command/write identity or one-time UUID,trusted SessionReader / domain tenant,2,UPSERT,TOMBSTONE,NONE,NONE,legacy dirty marker allowed,N/A,MIGRATED_UNIFIED_OUTBOX,feature/party/src/main/kotlin/com/verto/app/data/repository/ClientRepository.kt#insertClient
PARTY_IDENTITY,307,feature/party/src/main/kotlin/com/verto/app/data/repository/ClientRepository.kt,updateClient,DOMAIN_COMMAND,LOCAL_MUTATION,clients,UPSERT,clients|verto_upsert_client_v1,party_sync_outbox + Party contract v2; legacy clients participant coexists,ROOM_ATOMIC_UNIFIED_OUTBOX,sync_outbox,feature/party/src/main/kotlin/com/verto/app/data/repository/ClientRepository.kt#updateClient,command/write identity or one-time UUID,trusted SessionReader / domain tenant,2,UPSERT,TOMBSTONE,NONE,NONE,legacy dirty marker allowed,N/A,MIGRATED_UNIFIED_OUTBOX,feature/party/src/main/kotlin/com/verto/app/data/repository/ClientRepository.kt#updateClient
PARTY_IDENTITY,307,feature/party/src/main/kotlin/com/verto/app/data/repository/ClientRepository.kt,deleteClientPermanently,DOMAIN_COMMAND,LOCAL_MUTATION,clients,DELETE,clients|verto_upsert_client_v1,party_sync_outbox + Party contract v2; legacy clients participant coexists,ROOM_ATOMIC_UNIFIED_OUTBOX,sync_outbox,feature/party/src/main/kotlin/com/verto/app/data/repository/ClientRepository.kt#deleteClientPermanently,command/write identity or one-time UUID,trusted SessionReader / domain tenant,2,DELETE,TOMBSTONE,NONE,NONE,pendingClientDeletion AFTER durable commit,N/A,MIGRATED_UNIFIED_OUTBOX,feature/party/src/main/kotlin/com/verto/app/data/repository/ClientRepository.kt#deleteClientPermanently
CUSTOMER_PROFILE,307,feature/party/src/main/kotlin/com/verto/app/data/repository/ClientRepository.kt,writeNormalizedRolesAndProfiles,DOMAIN_COMMAND,LOCAL_MUTATION,customer_profiles,UPSERT,clients|verto_upsert_client_v1,party_sync_outbox + Party contract v2; legacy clients participant coexists,ROOM_ATOMIC_UNIFIED_OUTBOX,sync_outbox,feature/party/src/main/kotlin/com/verto/app/data/repository/ClientRepository.kt#writeNormalizedRolesAndProfiles,command/write identity or one-time UUID,trusted SessionReader / domain tenant,2,UPSERT,TOMBSTONE,shared client command batch,NONE,NONE,N/A,MIGRATED_UNIFIED_OUTBOX,feature/party/src/main/kotlin/com/verto/app/data/repository/ClientRepository.kt#writeNormalizedRolesAndProfiles
SUPPLIER_PROFILE,307,feature/party/src/main/kotlin/com/verto/app/data/repository/ClientRepository.kt,writeNormalizedRolesAndProfiles,DOMAIN_COMMAND,LOCAL_MUTATION,supplier_profiles,UPSERT,clients|verto_upsert_client_v1,party_sync_outbox + Party contract v2; legacy clients participant coexists,ROOM_ATOMIC_UNIFIED_OUTBOX,sync_outbox,feature/party/src/main/kotlin/com/verto/app/data/repository/ClientRepository.kt#writeNormalizedRolesAndProfiles,command/write identity or one-time UUID,trusted SessionReader / domain tenant,2,UPSERT,TOMBSTONE,shared client command batch,NONE,NONE,N/A,MIGRATED_UNIFIED_OUTBOX,feature/party/src/main/kotlin/com/verto/app/data/repository/ClientRepository.kt#writeNormalizedRolesAndProfiles
PARTY_IDENTITY,307,data/network/src/main/kotlin/com/verto/app/data/sync/SyncClients.kt,pullClients,LEGACY_PULL,REMOTE_APPLY,clients,UPSERT,clients|verto_upsert_client_v1,party_sync_outbox + Party contract v2; legacy clients participant coexists,NO_ENQUEUE_REMOTE_APPLY,NONE,data/network/src/main/kotlin/com/verto/app/data/sync/SyncClients.kt#pullClients,command/write identity or one-time UUID,trusted SessionReader / domain tenant,2,UPSERT,TOMBSTONE,NONE,NONE,NONE,remote apply deliberately bypasses UnifiedOutboxWriter,REMOTE_APPLY_NO_ENQUEUE,data/network/src/main/kotlin/com/verto/app/data/sync/SyncClients.kt#pullClients
PARTY_ROLE,307,feature/party/src/main/kotlin/com/verto/app/feature/party/data/RoomPartyRoleCommandAdapter.kt,attach,DOMAIN_COMMAND,LOCAL_MUTATION,party_roles,COMMAND,clients|verto_upsert_client_v1,party_sync_outbox + Party contract v2; legacy clients participant coexists,ROLE_STATE+AUDIT+party_sync_outbox SAME ROOM TRANSACTION,party_sync_outbox,feature/party/src/main/kotlin/com/verto/app/feature/party/data/RoomPartyRoleCommandAdapter.kt#attach,stable operationId,trusted SessionReader / domain tenant,2,COMMAND,TOMBSTONE,party role operationId,NONE,NONE,N/A,PRESERVED_STRONGER_OUTBOX,feature/party/src/main/kotlin/com/verto/app/feature/party/data/RoomPartyRoleCommandAdapter.kt#attach
PARTY_ROLE,307,feature/party/src/main/kotlin/com/verto/app/feature/party/data/RoomPartyRoleCommandAdapter.kt,setStatus,DOMAIN_COMMAND,LOCAL_MUTATION,party_roles,COMMAND,clients|verto_upsert_client_v1,party_sync_outbox + Party contract v2; legacy clients participant coexists,ROLE_STATE+AUDIT+party_sync_outbox SAME ROOM TRANSACTION,party_sync_outbox,feature/party/src/main/kotlin/com/verto/app/feature/party/data/RoomPartyRoleCommandAdapter.kt#setStatus,stable operationId,trusted SessionReader / domain tenant,2,COMMAND,TOMBSTONE,party role operationId,NONE,NONE,N/A,PRESERVED_STRONGER_OUTBOX,feature/party/src/main/kotlin/com/verto/app/feature/party/data/RoomPartyRoleCommandAdapter.kt#setStatus
NOTE,307,data/operations/src/main/kotlin/com/verto/app/data/repository/NoteRepository.kt,insertNote,DOMAIN_COMMAND,LOCAL_MUTATION,notes,UPSERT,notes,legacy direct/snapshot sync,ROOM_ATOMIC_UNIFIED_OUTBOX,sync_outbox,data/operations/src/main/kotlin/com/verto/app/data/repository/NoteRepository.kt#insertNote,command/write identity or one-time UUID,trusted SessionReader / domain tenant,1,UPSERT,VERSIONED_DELETE,NONE,NONE,NONE,N/A,MIGRATED_UNIFIED_OUTBOX,data/operations/src/main/kotlin/com/verto/app/data/repository/NoteRepository.kt#insertNote
NOTE,307,data/operations/src/main/kotlin/com/verto/app/data/repository/NoteRepository.kt,deleteNote,DOMAIN_COMMAND,LOCAL_MUTATION,notes,DELETE,notes,legacy direct/snapshot sync,ROOM_ATOMIC_UNIFIED_OUTBOX,sync_outbox,data/operations/src/main/kotlin/com/verto/app/data/repository/NoteRepository.kt#deleteNote,command/write identity or one-time UUID,trusted SessionReader / domain tenant,1,DELETE,VERSIONED_DELETE,NONE,NONE,NONE,N/A,MIGRATED_UNIFIED_OUTBOX,data/operations/src/main/kotlin/com/verto/app/data/repository/NoteRepository.kt#deleteNote
REMINDER,307,feature/party/src/main/kotlin/com/verto/app/feature/party/data/PartyPresentationAdapter.kt,insertReminder,DOMAIN_COMMAND,LOCAL_MUTATION,client_reminders,UPSERT,client_reminders,legacy direct/snapshot sync,ROOM_ATOMIC_UNIFIED_OUTBOX,sync_outbox,feature/party/src/main/kotlin/com/verto/app/feature/party/data/PartyPresentationAdapter.kt#insertReminder,command/write identity or one-time UUID,trusted SessionReader / domain tenant,1,UPSERT,VERSIONED_DELETE,NONE,NONE,NONE,N/A,MIGRATED_UNIFIED_OUTBOX,feature/party/src/main/kotlin/com/verto/app/feature/party/data/PartyPresentationAdapter.kt#insertReminder
REMINDER,307,feature/party/src/main/kotlin/com/verto/app/feature/party/data/PartyPresentationAdapter.kt,deleteReminder,DOMAIN_COMMAND,LOCAL_MUTATION,client_reminders,DELETE,client_reminders,legacy direct/snapshot sync,ROOM_ATOMIC_UNIFIED_OUTBOX,sync_outbox,feature/party/src/main/kotlin/com/verto/app/feature/party/data/PartyPresentationAdapter.kt#deleteReminder,command/write identity or one-time UUID,trusted SessionReader / domain tenant,1,DELETE,VERSIONED_DELETE,NONE,NONE,NONE,N/A,MIGRATED_UNIFIED_OUTBOX,feature/party/src/main/kotlin/com/verto/app/feature/party/data/PartyPresentationAdapter.kt#deleteReminder
REMINDER,307,feature/party/src/main/kotlin/com/verto/app/feature/party/data/PartyPresentationAdapter.kt,markReminderDone,DOMAIN_COMMAND,LOCAL_MUTATION,client_reminders,COMMAND,client_reminders,legacy direct/snapshot sync,ROOM_ATOMIC_UNIFIED_OUTBOX,sync_outbox,feature/party/src/main/kotlin/com/verto/app/feature/party/data/PartyPresentationAdapter.kt#markReminderDone,command/write identity or one-time UUID,trusted SessionReader / domain tenant,1,COMMAND,VERSIONED_DELETE,NONE,NONE,NONE,N/A,MIGRATED_UNIFIED_OUTBOX,feature/party/src/main/kotlin/com/verto/app/feature/party/data/PartyPresentationAdapter.kt#markReminderDone
REMINDER,307,data/network/src/main/kotlin/com/verto/app/data/sync/SyncMisc.kt,pullReminders,LEGACY_PULL,REMOTE_APPLY,client_reminders,UPSERT,client_reminders,legacy direct/snapshot sync,NO_ENQUEUE_REMOTE_APPLY,NONE,data/network/src/main/kotlin/com/verto/app/data/sync/SyncMisc.kt#pullReminders,command/write identity or one-time UUID,trusted SessionReader / domain tenant,1,UPSERT,VERSIONED_DELETE,NONE,NONE,NONE,pull writes never call unified writer,REMOTE_APPLY_NO_ENQUEUE,data/network/src/main/kotlin/com/verto/app/data/sync/SyncMisc.kt#pullReminders
INVENTORY_ITEM,307,feature/inventory/src/main/kotlin/com/verto/app/feature/inventory/data/InventoryRoomAdapters.kt,saveItem,DOMAIN_COMMAND,LOCAL_MUTATION,inventory_items,UPSERT,inventory_items|archive_inventory_item_v2,isDirty/archive + DataStore deletion queue,ROOM_ATOMIC_UNIFIED_OUTBOX,sync_outbox,feature/inventory/src/main/kotlin/com/verto/app/feature/inventory/data/InventoryRoomAdapters.kt#saveItem,command/write identity or one-time UUID,trusted SessionReader / domain tenant,1,UPSERT,ARCHIVE,NONE,NONE,isDirty remains compatibility-only,N/A,MIGRATED_UNIFIED_OUTBOX,feature/inventory/src/main/kotlin/com/verto/app/feature/inventory/data/InventoryRoomAdapters.kt#saveItem
INVENTORY_ITEM,307,feature/inventory/src/main/kotlin/com/verto/app/feature/inventory/data/InventoryRoomAdapters.kt,deleteItem,DOMAIN_COMMAND,LOCAL_MUTATION,inventory_items,ARCHIVE,inventory_items|archive_inventory_item_v2,isDirty/archive + DataStore deletion queue,ROOM_ATOMIC_UNIFIED_OUTBOX,sync_outbox,feature/inventory/src/main/kotlin/com/verto/app/feature/inventory/data/InventoryRoomAdapters.kt#deleteItem,command/write identity or one-time UUID,trusted SessionReader / domain tenant,1,ARCHIVE,ARCHIVE,NONE,NONE,isDirty remains compatibility-only,N/A,MIGRATED_UNIFIED_OUTBOX,feature/inventory/src/main/kotlin/com/verto/app/feature/inventory/data/InventoryRoomAdapters.kt#deleteItem
INVENTORY_UNIT,307,feature/inventory/src/main/kotlin/com/verto/app/feature/inventory/data/InventoryRoomAdapters.kt,saveUnit,DOMAIN_COMMAND,LOCAL_MUTATION,inventory_units,UPSERT,inventory_units,full snapshot + DataStore deletion queue,ROOM_ATOMIC_UNIFIED_OUTBOX,sync_outbox,feature/inventory/src/main/kotlin/com/verto/app/feature/inventory/data/InventoryRoomAdapters.kt#saveUnit,command/write identity or one-time UUID,trusted SessionReader / domain tenant,1,UPSERT,VERSIONED_DELETE,NONE,NONE,NONE,N/A,MIGRATED_UNIFIED_OUTBOX,feature/inventory/src/main/kotlin/com/verto/app/feature/inventory/data/InventoryRoomAdapters.kt#saveUnit
ITEM_CATEGORY,307,feature/inventory/src/main/kotlin/com/verto/app/feature/inventory/data/InventoryRoomAdapters.kt,replaceCategories,DOMAIN_COMMAND,LOCAL_MUTATION,item_categories,UPSERT,item_categories,legacy direct/snapshot sync,ROOM_ATOMIC_UNIFIED_OUTBOX,sync_outbox,feature/inventory/src/main/kotlin/com/verto/app/feature/inventory/data/InventoryRoomAdapters.kt#replaceCategories,command/write identity or one-time UUID,trusted SessionReader / domain tenant,1,UPSERT,VERSIONED_DELETE,single final-set aggregate mutation,NONE,NONE,N/A,MIGRATED_UNIFIED_OUTBOX,feature/inventory/src/main/kotlin/com/verto/app/feature/inventory/data/InventoryRoomAdapters.kt#replaceCategories
INVENTORY_ITEM,307,feature/inventory/src/main/kotlin/com/verto/app/data/repository/InventoryRepository.kt,updateBuyPrice,DOMAIN_COMMAND,LOCAL_MUTATION,inventory_items,UPSERT,inventory_items|archive_inventory_item_v2,isDirty/archive + DataStore deletion queue,ROOM_ATOMIC_UNIFIED_OUTBOX,sync_outbox,feature/inventory/src/main/kotlin/com/verto/app/data/repository/InventoryRepository.kt#updateBuyPrice,command/write identity or one-time UUID,trusted SessionReader / domain tenant,1,UPSERT,ARCHIVE,NONE,NONE,isDirty compatibility marker,N/A,MIGRATED_UNIFIED_OUTBOX,feature/inventory/src/main/kotlin/com/verto/app/data/repository/InventoryRepository.kt#updateBuyPrice
INVENTORY_UNIT,307,feature/inventory/src/main/kotlin/com/verto/app/data/repository/InventoryRepository.kt,deleteUnit,DOMAIN_COMMAND,LOCAL_MUTATION,inventory_units,DELETE,inventory_units,full snapshot + DataStore deletion queue,ROOM_ATOMIC_UNIFIED_OUTBOX,sync_outbox,feature/inventory/src/main/kotlin/com/verto/app/data/repository/InventoryRepository.kt#deleteUnit,command/write identity or one-time UUID,trusted SessionReader / domain tenant,1,DELETE,VERSIONED_DELETE,NONE,NONE,pendingUnitDeletion AFTER durable commit,N/A,MIGRATED_UNIFIED_OUTBOX,feature/inventory/src/main/kotlin/com/verto/app/data/repository/InventoryRepository.kt#deleteUnit
ITEM_CATEGORY,307,feature/inventory/src/main/kotlin/com/verto/app/data/repository/InventoryRepository.kt,setItemCategories,DOMAIN_COMMAND,LOCAL_MUTATION,item_categories,UPSERT,item_categories,legacy direct/snapshot sync,ROOM_ATOMIC_UNIFIED_OUTBOX,sync_outbox,feature/inventory/src/main/kotlin/com/verto/app/data/repository/InventoryRepository.kt#setItemCategories,command/write identity or one-time UUID,trusted SessionReader / domain tenant,1,UPSERT,VERSIONED_DELETE,NONE,NONE,NONE,N/A,MIGRATED_UNIFIED_OUTBOX,feature/inventory/src/main/kotlin/com/verto/app/data/repository/InventoryRepository.kt#setItemCategories
CATEGORY,307,feature/inventory/src/main/kotlin/com/verto/app/data/repository/InventoryRepository.kt,addMasterCategory,DOMAIN_COMMAND,LOCAL_MUTATION,categories,UPSERT,categories,full snapshot + DataStore deletion queue,ROOM_ATOMIC_UNIFIED_OUTBOX,sync_outbox,feature/inventory/src/main/kotlin/com/verto/app/data/repository/InventoryRepository.kt#addMasterCategory,command/write identity or one-time UUID,trusted SessionReader / domain tenant,1,UPSERT,VERSIONED_DELETE,NONE,NONE,NONE,N/A,MIGRATED_UNIFIED_OUTBOX,feature/inventory/src/main/kotlin/com/verto/app/data/repository/InventoryRepository.kt#addMasterCategory
CATEGORY,307,feature/inventory/src/main/kotlin/com/verto/app/data/repository/InventoryRepository.kt,updateMasterCategory,DOMAIN_COMMAND,LOCAL_MUTATION,categories,UPSERT,categories,full snapshot + DataStore deletion queue,ROOM_ATOMIC_UNIFIED_OUTBOX,sync_outbox,feature/inventory/src/main/kotlin/com/verto/app/data/repository/InventoryRepository.kt#updateMasterCategory,command/write identity or one-time UUID,trusted SessionReader / domain tenant,1,UPSERT,VERSIONED_DELETE,NONE,NONE,NONE,N/A,MIGRATED_UNIFIED_OUTBOX,feature/inventory/src/main/kotlin/com/verto/app/data/repository/InventoryRepository.kt#updateMasterCategory
CATEGORY,307,feature/inventory/src/main/kotlin/com/verto/app/data/repository/InventoryRepository.kt,deleteMasterCategory,DOMAIN_COMMAND,LOCAL_MUTATION,categories,DELETE,categories,full snapshot + DataStore deletion queue,ROOM_ATOMIC_UNIFIED_OUTBOX,sync_outbox,feature/inventory/src/main/kotlin/com/verto/app/data/repository/InventoryRepository.kt#deleteMasterCategory,command/write identity or one-time UUID,trusted SessionReader / domain tenant,1,DELETE,VERSIONED_DELETE,NONE,NONE,pendingCategoryDeletion AFTER durable commit,N/A,MIGRATED_UNIFIED_OUTBOX,feature/inventory/src/main/kotlin/com/verto/app/data/repository/InventoryRepository.kt#deleteMasterCategory
PRICE_LIST,307,feature/inventory/src/main/kotlin/com/verto/app/feature/inventory/data/InventoryPresentationAdapters.kt,insertItem,DOMAIN_COMMAND,LOCAL_MUTATION,price_list_header|price_list_items,UPSERT,price_list_header|price_list_items,full snapshot + DataStore deletion queue,ROOM_ATOMIC_UNIFIED_OUTBOX,sync_outbox,feature/inventory/src/main/kotlin/com/verto/app/feature/inventory/data/InventoryPresentationAdapters.kt#insertItem,command/write identity or one-time UUID,trusted SessionReader / domain tenant,1,UPSERT,VERSIONED_DELETE,header+items represented by one logical PRICE_LIST command,NONE,NONE,N/A,MIGRATED_UNIFIED_OUTBOX,feature/inventory/src/main/kotlin/com/verto/app/feature/inventory/data/InventoryPresentationAdapters.kt#insertItem
PRICE_LIST,307,feature/inventory/src/main/kotlin/com/verto/app/feature/inventory/data/InventoryPresentationAdapters.kt,updateItem,DOMAIN_COMMAND,LOCAL_MUTATION,price_list_header|price_list_items,UPSERT,price_list_header|price_list_items,full snapshot + DataStore deletion queue,ROOM_ATOMIC_UNIFIED_OUTBOX,sync_outbox,feature/inventory/src/main/kotlin/com/verto/app/feature/inventory/data/InventoryPresentationAdapters.kt#updateItem,command/write identity or one-time UUID,trusted SessionReader / domain tenant,1,UPSERT,VERSIONED_DELETE,header+items represented by one logical PRICE_LIST command,NONE,NONE,N/A,MIGRATED_UNIFIED_OUTBOX,feature/inventory/src/main/kotlin/com/verto/app/feature/inventory/data/InventoryPresentationAdapters.kt#updateItem
PRICE_LIST,307,feature/inventory/src/main/kotlin/com/verto/app/feature/inventory/data/InventoryPresentationAdapters.kt,deleteItem,DOMAIN_COMMAND,LOCAL_MUTATION,price_list_header|price_list_items,DELETE,price_list_header|price_list_items,full snapshot + DataStore deletion queue,ROOM_ATOMIC_UNIFIED_OUTBOX,sync_outbox,feature/inventory/src/main/kotlin/com/verto/app/feature/inventory/data/InventoryPresentationAdapters.kt#deleteItem,command/write identity or one-time UUID,trusted SessionReader / domain tenant,1,DELETE,VERSIONED_DELETE,header+items represented by one logical PRICE_LIST command,NONE,pendingPriceListDeletion AFTER durable commit,N/A,MIGRATED_UNIFIED_OUTBOX,feature/inventory/src/main/kotlin/com/verto/app/feature/inventory/data/InventoryPresentationAdapters.kt#deleteItem
INVENTORY_MOVEMENT,310,feature/inventory/src/main/kotlin/com/verto/app/feature/inventory/data/InventoryRoomAdapters.kt,recordBatch,DOMAIN_COMMAND,LOCAL_MUTATION,inventory_movements|inventory_stock_outbox,COMMAND,inventory_apply_commands_v2|inventory_pull_movements_v2|inventory_prepare_reconciliation_batch_v2,inventory_stock_outbox + revision cursor,inventory stock writer transaction+specialized outbox,inventory_stock_outbox,feature/inventory/src/main/kotlin/com/verto/app/feature/inventory/data/InventoryRoomAdapters.kt#recordBatch,inventory writeId/idempotency key,trusted SessionReader / domain tenant,1,COMMAND,NO_CLIENT_DELETE,NONE,NONE,NONE,N/A,PRESERVED_STRONGER_OUTBOX,feature/inventory/src/main/kotlin/com/verto/app/feature/inventory/data/InventoryRoomAdapters.kt#recordBatch
INVENTORY_COST_REVISION,310,data/network/src/main/kotlin/com/verto/app/data/sync/SyncInventoryLedgerV2.kt,pushInventoryCostRevisions,DOMAIN_COMMAND,LOCAL_MUTATION,inventory_cost_revisions|inventory_cost_outbox,COMMAND,inventory_apply_cost_revisions_v2|inventory_pull_cost_revisions_v2,inventory_cost_outbox + revision cursor,existing inventory cost outbox + revision cursor,inventory_cost_outbox,data/network/src/main/kotlin/com/verto/app/data/sync/SyncInventoryLedgerV2.kt#pushInventoryCostRevisions,cost revision write identity,trusted SessionReader / domain tenant,1,COMMAND,NO_CLIENT_DELETE,NONE,NONE,NONE,N/A,PRESERVED_STRONGER_OUTBOX,data/network/src/main/kotlin/com/verto/app/data/sync/SyncInventoryLedgerV2.kt#pushInventoryCostRevisions
PURCHASE_ORDER,307,feature/invoice/src/main/kotlin/com/verto/app/feature/invoice/application/PurchaseCycleCoordinator.kt,createOrder,DOMAIN_COMMAND,LOCAL_MUTATION,purchase_orders|purchase_order_lines,UPSERT,purchase_orders|purchase_order_lines|verto_purchase_cycle_push_pre_v253,legacy direct/snapshot sync,ROOM_ATOMIC_UNIFIED_OUTBOX,sync_outbox,feature/invoice/src/main/kotlin/com/verto/app/feature/invoice/application/PurchaseCycleCoordinator.kt#createOrder,command/write identity or one-time UUID,trusted SessionReader / domain tenant,1,UPSERT,CANCEL_STATE_TRANSITION,writeId/semantic command batch,NONE,NONE,N/A,MIGRATED_UNIFIED_OUTBOX,feature/invoice/src/main/kotlin/com/verto/app/feature/invoice/application/PurchaseCycleCoordinator.kt#createOrder
PURCHASE_ORDER,307,feature/invoice/src/main/kotlin/com/verto/app/feature/invoice/application/PurchaseCycleCoordinator.kt,close,DOMAIN_COMMAND,LOCAL_MUTATION,purchase_orders|purchase_order_lines,COMMAND,purchase_orders|purchase_order_lines|verto_purchase_cycle_push_pre_v253,legacy direct/snapshot sync,ROOM_ATOMIC_UNIFIED_OUTBOX,sync_outbox,feature/invoice/src/main/kotlin/com/verto/app/feature/invoice/application/PurchaseCycleCoordinator.kt#close,command/write identity or one-time UUID,trusted SessionReader / domain tenant,1,COMMAND,CANCEL_STATE_TRANSITION,writeId/semantic command batch,NONE,NONE,N/A,MIGRATED_UNIFIED_OUTBOX,feature/invoice/src/main/kotlin/com/verto/app/feature/invoice/application/PurchaseCycleCoordinator.kt#close
PURCHASE_ORDER,307,feature/invoice/src/main/kotlin/com/verto/app/feature/invoice/application/PurchaseCycleCoordinator.kt,receive,DOMAIN_COMMAND,LOCAL_MUTATION,purchase_orders|purchase_order_lines,COMMAND,purchase_orders|purchase_order_lines|verto_purchase_cycle_push_pre_v253,legacy direct/snapshot sync,ROOM_ATOMIC_UNIFIED_OUTBOX,sync_outbox,feature/invoice/src/main/kotlin/com/verto/app/feature/invoice/application/PurchaseCycleCoordinator.kt#receive,command/write identity or one-time UUID,trusted SessionReader / domain tenant,1,COMMAND,CANCEL_STATE_TRANSITION,receipt writeId batch,NONE,NONE,N/A,MIGRATED_UNIFIED_OUTBOX,feature/invoice/src/main/kotlin/com/verto/app/feature/invoice/application/PurchaseCycleCoordinator.kt#receive
PURCHASE_ORDER,307,feature/invoice/src/main/kotlin/com/verto/app/feature/invoice/application/purchase/LinkPurchaseOrderToShipmentUseCase.kt,invoke,DOMAIN_COMMAND,LOCAL_MUTATION,purchase_orders|purchase_order_lines,COMMAND,purchase_orders|purchase_order_lines|verto_purchase_cycle_push_pre_v253,legacy direct/snapshot sync,ROOM_ATOMIC_UNIFIED_OUTBOX,sync_outbox,feature/invoice/src/main/kotlin/com/verto/app/feature/invoice/application/purchase/LinkPurchaseOrderToShipmentUseCase.kt#invoke,command/write identity or one-time UUID,trusted SessionReader / domain tenant,1,COMMAND,CANCEL_STATE_TRANSITION,shared PO↔SHIPMENT batch,NONE,NONE,N/A,MIGRATED_UNIFIED_OUTBOX,feature/invoice/src/main/kotlin/com/verto/app/feature/invoice/application/purchase/LinkPurchaseOrderToShipmentUseCase.kt#invoke
SHIPMENT,307,feature/invoice/src/main/kotlin/com/verto/app/feature/invoice/application/purchase/LinkPurchaseOrderToShipmentUseCase.kt,invoke,DOMAIN_COMMAND,LOCAL_MUTATION,logistics_shipments|logistics_shipment_sources|logistics_shipment_lines|logistics_milestones|logistics_assignments|logistics_events|logistics_partners|logistics_shipment_legs|logistics_custody_handoffs|logistics_shipment_partner_links|logistics_transport_details|logistics_documents|logistics_costs|logistics_payments|logistics_route_templates|logistics_route_template_stops|logistics_receiving_batches|logistics_receiving_lines|logistics_inventory_postings|logistics_cost_allocations|logistics_shortages|logistics_recoveries|logistics_recovery_lines|logistics_recovery_postings,COMMAND,logistics_shipments|logistics_shipment_sources|logistics_shipment_lines|logistics_milestones|logistics_assignments|logistics_events|logistics_partners|logistics_shipment_legs|logistics_custody_handoffs|logistics_shipment_partner_links|logistics_transport_details|logistics_documents|logistics_costs|logistics_payments|logistics_route_templates|logistics_route_template_stops|logistics_receiving_batches|logistics_receiving_lines|logistics_inventory_postings|logistics_cost_allocations|logistics_shortages|logistics_recoveries|logistics_recovery_lines|logistics_recovery_postings,remote path inert behind SERVER_CONTRACT_VERIFIED=false,ROOM_ATOMIC_UNIFIED_OUTBOX,sync_outbox,feature/invoice/src/main/kotlin/com/verto/app/feature/invoice/application/purchase/LinkPurchaseOrderToShipmentUseCase.kt#invoke,command/write identity or one-time UUID,trusted SessionReader / domain tenant,1,COMMAND,CANCEL_STATE_TRANSITION,shared PO↔SHIPMENT batch,NONE,NONE,N/A,MIGRATED_UNIFIED_OUTBOX,feature/invoice/src/main/kotlin/com/verto/app/feature/invoice/application/purchase/LinkPurchaseOrderToShipmentUseCase.kt#invoke
GOODS_RECEIPT,310,feature/invoice/src/main/kotlin/com/verto/app/feature/invoice/application/PurchaseCycleCoordinator.kt,receive,DOMAIN_COMMAND,LOCAL_MUTATION,goods_receipts|goods_receipt_lines|purchase_cycle_attachments,COMMAND,goods_receipts|goods_receipt_lines|purchase_cycle_attachments|verto_purchase_cycle_push_pre_v253,legacy direct/snapshot sync,ROOM_ATOMIC_UNIFIED_OUTBOX,sync_outbox,feature/invoice/src/main/kotlin/com/verto/app/feature/invoice/application/PurchaseCycleCoordinator.kt#receive,command/write identity or one-time UUID,trusted SessionReader / domain tenant,1,COMMAND,NO_CLIENT_DELETE,receipt writeId batch,NONE,server integration remains owner 310,N/A,MIGRATED_UNIFIED_OUTBOX,feature/invoice/src/main/kotlin/com/verto/app/feature/invoice/application/PurchaseCycleCoordinator.kt#receive
PURCHASE_MATCH,310,feature/invoice/src/main/kotlin/com/verto/app/feature/invoice/application/PurchaseCycleCoordinator.kt,persistSupplierInvoiceMatch,DOMAIN_COMMAND,LOCAL_MUTATION,purchase_invoice_matches|purchase_invoice_match_lines|purchase_invoice_receipt_allocations,COMMAND,purchase_invoice_matches|purchase_invoice_match_lines|purchase_invoice_receipt_allocations|verto_purchase_cycle_push_post_v253,legacy direct/snapshot sync,ROOM_ATOMIC_UNIFIED_OUTBOX,sync_outbox,feature/invoice/src/main/kotlin/com/verto/app/feature/invoice/application/PurchaseCycleCoordinator.kt#persistSupplierInvoiceMatch,command/write identity or one-time UUID,trusted SessionReader / domain tenant,1,COMMAND,NO_CLIENT_DELETE,NONE,NONE,server integration remains owner 310,N/A,MIGRATED_UNIFIED_OUTBOX,feature/invoice/src/main/kotlin/com/verto/app/feature/invoice/application/PurchaseCycleCoordinator.kt#persistSupplierInvoiceMatch
PURCHASE_PAYMENT_OVERRIDE,310,feature/invoice/src/main/kotlin/com/verto/app/feature/invoice/application/PurchaseCycleCoordinator.kt,recordPaymentOverride,DOMAIN_COMMAND,LOCAL_MUTATION,purchase_payment_overrides,COMMAND,purchase_payment_overrides|verto_purchase_cycle_push_post_v253,legacy direct/snapshot sync,ROOM_ATOMIC_UNIFIED_OUTBOX,sync_outbox,feature/invoice/src/main/kotlin/com/verto/app/feature/invoice/application/PurchaseCycleCoordinator.kt#recordPaymentOverride,command/write identity or one-time UUID,trusted SessionReader / domain tenant,1,COMMAND,NO_CLIENT_DELETE,NONE,NONE,server integration remains owner 310,N/A,MIGRATED_UNIFIED_OUTBOX,feature/invoice/src/main/kotlin/com/verto/app/feature/invoice/application/PurchaseCycleCoordinator.kt#recordPaymentOverride
BUDGET,307,data/operations/src/main/kotlin/com/verto/app/data/repository/BudgetRepository.kt,saveBudget,DOMAIN_COMMAND,LOCAL_MUTATION,budgets,UPSERT,budgets,full snapshot + DataStore deletion queue,ROOM_ATOMIC_UNIFIED_OUTBOX,sync_outbox,data/operations/src/main/kotlin/com/verto/app/data/repository/BudgetRepository.kt#saveBudget,command/write identity or one-time UUID,trusted SessionReader / domain tenant,1,UPSERT,VERSIONED_DELETE,NONE,NONE,NONE,N/A,MIGRATED_UNIFIED_OUTBOX,data/operations/src/main/kotlin/com/verto/app/data/repository/BudgetRepository.kt#saveBudget
BUDGET,307,data/operations/src/main/kotlin/com/verto/app/data/repository/BudgetRepository.kt,deleteInternal,DOMAIN_COMMAND,LOCAL_MUTATION,budgets,DELETE,budgets,full snapshot + DataStore deletion queue,ROOM_ATOMIC_UNIFIED_OUTBOX,sync_outbox,data/operations/src/main/kotlin/com/verto/app/data/repository/BudgetRepository.kt#deleteInternal,command/write identity or one-time UUID,trusted SessionReader / domain tenant,1,DELETE,VERSIONED_DELETE,NONE,NONE,pendingBudgetDeletion AFTER durable commit,N/A,MIGRATED_UNIFIED_OUTBOX,data/operations/src/main/kotlin/com/verto/app/data/repository/BudgetRepository.kt#deleteInternal
ORGANIZATION_SETTINGS,307,data/operations/src/main/kotlin/com/verto/app/data/repository/Orgsettingsrepository.kt,saveOrgSettings,DOMAIN_COMMAND,LOCAL_MUTATION,DataStore org settings,UPSERT,organization_settings,legacy direct/snapshot sync,ROOM_ATOMIC_UNIFIED_OUTBOX,sync_outbox,data/operations/src/main/kotlin/com/verto/app/data/repository/Orgsettingsrepository.kt#saveOrgSettings,command/write identity or one-time UUID,trusted SessionReader / domain tenant,1,UPSERT,NO_CLIENT_DELETE,NONE,NONE,DataStore cache + legacy remote only AFTER commit,N/A,MIGRATED_UNIFIED_OUTBOX,data/operations/src/main/kotlin/com/verto/app/data/repository/Orgsettingsrepository.kt#saveOrgSettings
ORGANIZATION_SETTINGS,307,data/operations/src/main/kotlin/com/verto/app/data/repository/Orgsettingsrepository.kt,syncFromSupabase,DOMAIN_COMMAND,REMOTE_APPLY,DataStore org settings,UPSERT,organization_settings,legacy direct/snapshot sync,NO_ENQUEUE_REMOTE_APPLY,NONE,data/operations/src/main/kotlin/com/verto/app/data/repository/Orgsettingsrepository.kt#syncFromSupabase,command/write identity or one-time UUID,trusted SessionReader / domain tenant,1,UPSERT,NO_CLIENT_DELETE,NONE,NONE,NONE,remote hydration writes Room/cache without producer enqueue,REMOTE_APPLY_NO_ENQUEUE,data/operations/src/main/kotlin/com/verto/app/data/repository/Orgsettingsrepository.kt#syncFromSupabase
ORGANIZATION_SETTINGS,307,data/operations/src/main/kotlin/com/verto/app/data/repository/Orgsettingsrepository.kt,hydrateLegacyCacheIfMissing,DOMAIN_COMMAND,CACHE_HYDRATION,DataStore org settings,UPSERT,organization_settings,legacy direct/snapshot sync,NO_ENQUEUE_CACHE_HYDRATION,NONE,data/operations/src/main/kotlin/com/verto/app/data/repository/Orgsettingsrepository.kt#hydrateLegacyCacheIfMissing,command/write identity or one-time UUID,trusted SessionReader / domain tenant,1,UPSERT,NO_CLIENT_DELETE,NONE,NONE,NONE,one-time DataStore→Room hydration intentionally does not enqueue,CACHE_HYDRATION_NO_ENQUEUE,data/operations/src/main/kotlin/com/verto/app/data/repository/Orgsettingsrepository.kt#hydrateLegacyCacheIfMissing
EDUCATIONAL_CONTENT,307,feature/dashboard/src/main/kotlin/com/verto/app/feature/dashboard/data/education/RoomEducationalContentRepository.kt,create,DOMAIN_COMMAND,LOCAL_MUTATION,educational_topics|educational_topic_targets,UPSERT,educational_topics|educational_topic_targets,isDirty/deletedAt then markClean/hardDelete,ROOM_ATOMIC_UNIFIED_OUTBOX,sync_outbox,feature/dashboard/src/main/kotlin/com/verto/app/feature/dashboard/data/education/RoomEducationalContentRepository.kt#create,command/write identity or one-time UUID,trusted SessionReader / domain tenant,1,UPSERT,VERSIONED_DELETE,NONE,NONE,isDirty/deletedAt compatibility only; tombstone preserved,N/A,MIGRATED_UNIFIED_OUTBOX,feature/dashboard/src/main/kotlin/com/verto/app/feature/dashboard/data/education/RoomEducationalContentRepository.kt#create
EDUCATIONAL_CONTENT,307,feature/dashboard/src/main/kotlin/com/verto/app/feature/dashboard/data/education/RoomEducationalContentRepository.kt,update,DOMAIN_COMMAND,LOCAL_MUTATION,educational_topics|educational_topic_targets,UPSERT,educational_topics|educational_topic_targets,isDirty/deletedAt then markClean/hardDelete,ROOM_ATOMIC_UNIFIED_OUTBOX,sync_outbox,feature/dashboard/src/main/kotlin/com/verto/app/feature/dashboard/data/education/RoomEducationalContentRepository.kt#update,command/write identity or one-time UUID,trusted SessionReader / domain tenant,1,UPSERT,VERSIONED_DELETE,NONE,NONE,isDirty/deletedAt compatibility only; tombstone preserved,N/A,MIGRATED_UNIFIED_OUTBOX,feature/dashboard/src/main/kotlin/com/verto/app/feature/dashboard/data/education/RoomEducationalContentRepository.kt#update
EDUCATIONAL_CONTENT,307,feature/dashboard/src/main/kotlin/com/verto/app/feature/dashboard/data/education/RoomEducationalContentRepository.kt,delete,DOMAIN_COMMAND,LOCAL_MUTATION,educational_topics|educational_topic_targets,DELETE,educational_topics|educational_topic_targets,isDirty/deletedAt then markClean/hardDelete,ROOM_ATOMIC_UNIFIED_OUTBOX,sync_outbox,feature/dashboard/src/main/kotlin/com/verto/app/feature/dashboard/data/education/RoomEducationalContentRepository.kt#delete,command/write identity or one-time UUID,trusted SessionReader / domain tenant,1,DELETE,VERSIONED_DELETE,NONE,NONE,isDirty/deletedAt compatibility only; tombstone preserved,N/A,MIGRATED_UNIFIED_OUTBOX,feature/dashboard/src/main/kotlin/com/verto/app/feature/dashboard/data/education/RoomEducationalContentRepository.kt#delete
EDUCATIONAL_CONTENT,307,feature/dashboard/src/main/kotlin/com/verto/app/feature/dashboard/data/education/RoomEducationalContentRepository.kt,setActive,DOMAIN_COMMAND,LOCAL_MUTATION,educational_topics|educational_topic_targets,UPSERT,educational_topics|educational_topic_targets,isDirty/deletedAt then markClean/hardDelete,ROOM_ATOMIC_UNIFIED_OUTBOX,sync_outbox,feature/dashboard/src/main/kotlin/com/verto/app/feature/dashboard/data/education/RoomEducationalContentRepository.kt#setActive,command/write identity or one-time UUID,trusted SessionReader / domain tenant,1,UPSERT,VERSIONED_DELETE,NONE,NONE,isDirty/deletedAt compatibility only; tombstone preserved,N/A,MIGRATED_UNIFIED_OUTBOX,feature/dashboard/src/main/kotlin/com/verto/app/feature/dashboard/data/education/RoomEducationalContentRepository.kt#setActive
EDUCATIONAL_CONTENT,307,feature/dashboard/src/main/kotlin/com/verto/app/feature/dashboard/data/education/EducationalContentSyncParticipant.kt,pullTopics,LEGACY_PULL,REMOTE_APPLY,educational_topics|educational_topic_targets,UPSERT,educational_topics|educational_topic_targets,isDirty/deletedAt then markClean/hardDelete,NO_ENQUEUE_REMOTE_APPLY,NONE,feature/dashboard/src/main/kotlin/com/verto/app/feature/dashboard/data/education/EducationalContentSyncParticipant.kt#pullTopics,command/write identity or one-time UUID,trusted SessionReader / domain tenant,1,UPSERT,VERSIONED_DELETE,NONE,NONE,NONE,legacy pull does not call unified writer,REMOTE_APPLY_NO_ENQUEUE,feature/dashboard/src/main/kotlin/com/verto/app/feature/dashboard/data/education/EducationalContentSyncParticipant.kt#pullTopics
SHIPMENT,307,app/src/main/kotlin/com/verto/app/feature/shipment/bridge/LogisticsShipmentStoreAdapters.kt,upsertRouteTemplate,DOMAIN_COMMAND,LOCAL_MUTATION,logistics_shipments|logistics_shipment_sources|logistics_shipment_lines|logistics_milestones|logistics_assignments|logistics_events|logistics_partners|logistics_shipment_legs|logistics_custody_handoffs|logistics_shipment_partner_links|logistics_transport_details|logistics_documents|logistics_costs|logistics_payments|logistics_route_templates|logistics_route_template_stops|logistics_receiving_batches|logistics_receiving_lines|logistics_inventory_postings|logistics_cost_allocations|logistics_shortages|logistics_recoveries|logistics_recovery_lines|logistics_recovery_postings,COMMAND,logistics_shipments|logistics_shipment_sources|logistics_shipment_lines|logistics_milestones|logistics_assignments|logistics_events|logistics_partners|logistics_shipment_legs|logistics_custody_handoffs|logistics_shipment_partner_links|logistics_transport_details|logistics_documents|logistics_costs|logistics_payments|logistics_route_templates|logistics_route_template_stops|logistics_receiving_batches|logistics_receiving_lines|logistics_inventory_postings|logistics_cost_allocations|logistics_shortages|logistics_recoveries|logistics_recovery_lines|logistics_recovery_postings,remote path inert behind SERVER_CONTRACT_VERIFIED=false,ROOM_ATOMIC_UNIFIED_OUTBOX,sync_outbox,app/src/main/kotlin/com/verto/app/feature/shipment/bridge/LogisticsShipmentStoreAdapters.kt#upsertRouteTemplate,UUID.nameUUIDFromBytes stable semantic key,trusted SessionReader / domain tenant,1,COMMAND,CANCEL_STATE_TRANSITION,stable semantic request key,NONE,V2 server runtime remains OFF,N/A,MIGRATED_UNIFIED_OUTBOX,app/src/main/kotlin/com/verto/app/feature/shipment/bridge/LogisticsShipmentStoreAdapters.kt#upsertRouteTemplate
SHIPMENT,307,app/src/main/kotlin/com/verto/app/feature/shipment/bridge/LogisticsShipmentStoreAdapters.kt,saveCustomsPlan,DOMAIN_COMMAND,LOCAL_MUTATION,logistics_shipments|logistics_shipment_sources|logistics_shipment_lines|logistics_milestones|logistics_assignments|logistics_events|logistics_partners|logistics_shipment_legs|logistics_custody_handoffs|logistics_shipment_partner_links|logistics_transport_details|logistics_documents|logistics_costs|logistics_payments|logistics_route_templates|logistics_route_template_stops|logistics_receiving_batches|logistics_receiving_lines|logistics_inventory_postings|logistics_cost_allocations|logistics_shortages|logistics_recoveries|logistics_recovery_lines|logistics_recovery_postings,COMMAND,logistics_shipments|logistics_shipment_sources|logistics_shipment_lines|logistics_milestones|logistics_assignments|logistics_events|logistics_partners|logistics_shipment_legs|logistics_custody_handoffs|logistics_shipment_partner_links|logistics_transport_details|logistics_documents|logistics_costs|logistics_payments|logistics_route_templates|logistics_route_template_stops|logistics_receiving_batches|logistics_receiving_lines|logistics_inventory_postings|logistics_cost_allocations|logistics_shortages|logistics_recoveries|logistics_recovery_lines|logistics_recovery_postings,remote path inert behind SERVER_CONTRACT_VERIFIED=false,ROOM_ATOMIC_UNIFIED_OUTBOX,sync_outbox,app/src/main/kotlin/com/verto/app/feature/shipment/bridge/LogisticsShipmentStoreAdapters.kt#saveCustomsPlan,UUID.nameUUIDFromBytes stable semantic key,trusted SessionReader / domain tenant,1,COMMAND,CANCEL_STATE_TRANSITION,stable semantic request key,NONE,V2 server runtime remains OFF,N/A,MIGRATED_UNIFIED_OUTBOX,app/src/main/kotlin/com/verto/app/feature/shipment/bridge/LogisticsShipmentStoreAdapters.kt#saveCustomsPlan
SHIPMENT,307,app/src/main/kotlin/com/verto/app/feature/shipment/bridge/LogisticsShipmentStoreAdapters.kt,appendPlanRevision,DOMAIN_COMMAND,LOCAL_MUTATION,logistics_shipments|logistics_shipment_sources|logistics_shipment_lines|logistics_milestones|logistics_assignments|logistics_events|logistics_partners|logistics_shipment_legs|logistics_custody_handoffs|logistics_shipment_partner_links|logistics_transport_details|logistics_documents|logistics_costs|logistics_payments|logistics_route_templates|logistics_route_template_stops|logistics_receiving_batches|logistics_receiving_lines|logistics_inventory_postings|logistics_cost_allocations|logistics_shortages|logistics_recoveries|logistics_recovery_lines|logistics_recovery_postings,COMMAND,logistics_shipments|logistics_shipment_sources|logistics_shipment_lines|logistics_milestones|logistics_assignments|logistics_events|logistics_partners|logistics_shipment_legs|logistics_custody_handoffs|logistics_shipment_partner_links|logistics_transport_details|logistics_documents|logistics_costs|logistics_payments|logistics_route_templates|logistics_route_template_stops|logistics_receiving_batches|logistics_receiving_lines|logistics_inventory_postings|logistics_cost_allocations|logistics_shortages|logistics_recoveries|logistics_recovery_lines|logistics_recovery_postings,remote path inert behind SERVER_CONTRACT_VERIFIED=false,ROOM_ATOMIC_UNIFIED_OUTBOX,sync_outbox,app/src/main/kotlin/com/verto/app/feature/shipment/bridge/LogisticsShipmentStoreAdapters.kt#appendPlanRevision,UUID.nameUUIDFromBytes stable semantic key,trusted SessionReader / domain tenant,1,COMMAND,CANCEL_STATE_TRANSITION,stable semantic request key,NONE,V2 server runtime remains OFF,N/A,MIGRATED_UNIFIED_OUTBOX,app/src/main/kotlin/com/verto/app/feature/shipment/bridge/LogisticsShipmentStoreAdapters.kt#appendPlanRevision
SHIPMENT,307,app/src/main/kotlin/com/verto/app/feature/shipment/bridge/LogisticsShipmentStoreAdapters.kt,createShipment,DOMAIN_COMMAND,LOCAL_MUTATION,logistics_shipments|logistics_shipment_sources|logistics_shipment_lines|logistics_milestones|logistics_assignments|logistics_events|logistics_partners|logistics_shipment_legs|logistics_custody_handoffs|logistics_shipment_partner_links|logistics_transport_details|logistics_documents|logistics_costs|logistics_payments|logistics_route_templates|logistics_route_template_stops|logistics_receiving_batches|logistics_receiving_lines|logistics_inventory_postings|logistics_cost_allocations|logistics_shortages|logistics_recoveries|logistics_recovery_lines|logistics_recovery_postings,COMMAND,logistics_shipments|logistics_shipment_sources|logistics_shipment_lines|logistics_milestones|logistics_assignments|logistics_events|logistics_partners|logistics_shipment_legs|logistics_custody_handoffs|logistics_shipment_partner_links|logistics_transport_details|logistics_documents|logistics_costs|logistics_payments|logistics_route_templates|logistics_route_template_stops|logistics_receiving_batches|logistics_receiving_lines|logistics_inventory_postings|logistics_cost_allocations|logistics_shortages|logistics_recoveries|logistics_recovery_lines|logistics_recovery_postings,remote path inert behind SERVER_CONTRACT_VERIFIED=false,ROOM_ATOMIC_UNIFIED_OUTBOX,sync_outbox,app/src/main/kotlin/com/verto/app/feature/shipment/bridge/LogisticsShipmentStoreAdapters.kt#createShipment,UUID.nameUUIDFromBytes stable semantic key,trusted SessionReader / domain tenant,1,COMMAND,CANCEL_STATE_TRANSITION,stable semantic request key,NONE,V2 server runtime remains OFF,N/A,MIGRATED_UNIFIED_OUTBOX,app/src/main/kotlin/com/verto/app/feature/shipment/bridge/LogisticsShipmentStoreAdapters.kt#createShipment
SHIPMENT,307,app/src/main/kotlin/com/verto/app/feature/shipment/bridge/LogisticsShipmentStoreAdapters.kt,saveShipmentHeader,DOMAIN_COMMAND,LOCAL_MUTATION,logistics_shipments|logistics_shipment_sources|logistics_shipment_lines|logistics_milestones|logistics_assignments|logistics_events|logistics_partners|logistics_shipment_legs|logistics_custody_handoffs|logistics_shipment_partner_links|logistics_transport_details|logistics_documents|logistics_costs|logistics_payments|logistics_route_templates|logistics_route_template_stops|logistics_receiving_batches|logistics_receiving_lines|logistics_inventory_postings|logistics_cost_allocations|logistics_shortages|logistics_recoveries|logistics_recovery_lines|logistics_recovery_postings,COMMAND,logistics_shipments|logistics_shipment_sources|logistics_shipment_lines|logistics_milestones|logistics_assignments|logistics_events|logistics_partners|logistics_shipment_legs|logistics_custody_handoffs|logistics_shipment_partner_links|logistics_transport_details|logistics_documents|logistics_costs|logistics_payments|logistics_route_templates|logistics_route_template_stops|logistics_receiving_batches|logistics_receiving_lines|logistics_inventory_postings|logistics_cost_allocations|logistics_shortages|logistics_recoveries|logistics_recovery_lines|logistics_recovery_postings,remote path inert behind SERVER_CONTRACT_VERIFIED=false,ROOM_ATOMIC_UNIFIED_OUTBOX,sync_outbox,app/src/main/kotlin/com/verto/app/feature/shipment/bridge/LogisticsShipmentStoreAdapters.kt#saveShipmentHeader,UUID.nameUUIDFromBytes stable semantic key,trusted SessionReader / domain tenant,1,COMMAND,CANCEL_STATE_TRANSITION,stable semantic request key,NONE,V2 server runtime remains OFF,N/A,MIGRATED_UNIFIED_OUTBOX,app/src/main/kotlin/com/verto/app/feature/shipment/bridge/LogisticsShipmentStoreAdapters.kt#saveShipmentHeader
SHIPMENT,307,app/src/main/kotlin/com/verto/app/feature/shipment/bridge/LogisticsShipmentStoreAdapters.kt,savePurchasePlan,DOMAIN_COMMAND,LOCAL_MUTATION,logistics_shipments|logistics_shipment_sources|logistics_shipment_lines|logistics_milestones|logistics_assignments|logistics_events|logistics_partners|logistics_shipment_legs|logistics_custody_handoffs|logistics_shipment_partner_links|logistics_transport_details|logistics_documents|logistics_costs|logistics_payments|logistics_route_templates|logistics_route_template_stops|logistics_receiving_batches|logistics_receiving_lines|logistics_inventory_postings|logistics_cost_allocations|logistics_shortages|logistics_recoveries|logistics_recovery_lines|logistics_recovery_postings,COMMAND,logistics_shipments|logistics_shipment_sources|logistics_shipment_lines|logistics_milestones|logistics_assignments|logistics_events|logistics_partners|logistics_shipment_legs|logistics_custody_handoffs|logistics_shipment_partner_links|logistics_transport_details|logistics_documents|logistics_costs|logistics_payments|logistics_route_templates|logistics_route_template_stops|logistics_receiving_batches|logistics_receiving_lines|logistics_inventory_postings|logistics_cost_allocations|logistics_shortages|logistics_recoveries|logistics_recovery_lines|logistics_recovery_postings,remote path inert behind SERVER_CONTRACT_VERIFIED=false,ROOM_ATOMIC_UNIFIED_OUTBOX,sync_outbox,app/src/main/kotlin/com/verto/app/feature/shipment/bridge/LogisticsShipmentStoreAdapters.kt#savePurchasePlan,UUID.nameUUIDFromBytes stable semantic key,trusted SessionReader / domain tenant,1,COMMAND,CANCEL_STATE_TRANSITION,stable semantic request key,NONE,V2 server runtime remains OFF,N/A,MIGRATED_UNIFIED_OUTBOX,app/src/main/kotlin/com/verto/app/feature/shipment/bridge/LogisticsShipmentStoreAdapters.kt#savePurchasePlan
SHIPMENT,307,app/src/main/kotlin/com/verto/app/feature/shipment/bridge/LogisticsShipmentStoreAdapters.kt,savePlanning,DOMAIN_COMMAND,LOCAL_MUTATION,logistics_shipments|logistics_shipment_sources|logistics_shipment_lines|logistics_milestones|logistics_assignments|logistics_events|logistics_partners|logistics_shipment_legs|logistics_custody_handoffs|logistics_shipment_partner_links|logistics_transport_details|logistics_documents|logistics_costs|logistics_payments|logistics_route_templates|logistics_route_template_stops|logistics_receiving_batches|logistics_receiving_lines|logistics_inventory_postings|logistics_cost_allocations|logistics_shortages|logistics_recoveries|logistics_recovery_lines|logistics_recovery_postings,COMMAND,logistics_shipments|logistics_shipment_sources|logistics_shipment_lines|logistics_milestones|logistics_assignments|logistics_events|logistics_partners|logistics_shipment_legs|logistics_custody_handoffs|logistics_shipment_partner_links|logistics_transport_details|logistics_documents|logistics_costs|logistics_payments|logistics_route_templates|logistics_route_template_stops|logistics_receiving_batches|logistics_receiving_lines|logistics_inventory_postings|logistics_cost_allocations|logistics_shortages|logistics_recoveries|logistics_recovery_lines|logistics_recovery_postings,remote path inert behind SERVER_CONTRACT_VERIFIED=false,ROOM_ATOMIC_UNIFIED_OUTBOX,sync_outbox,app/src/main/kotlin/com/verto/app/feature/shipment/bridge/LogisticsShipmentStoreAdapters.kt#savePlanning,UUID.nameUUIDFromBytes stable semantic key,trusted SessionReader / domain tenant,1,COMMAND,CANCEL_STATE_TRANSITION,stable semantic request key,NONE,V2 server runtime remains OFF,N/A,MIGRATED_UNIFIED_OUTBOX,app/src/main/kotlin/com/verto/app/feature/shipment/bridge/LogisticsShipmentStoreAdapters.kt#savePlanning
SHIPMENT,307,app/src/main/kotlin/com/verto/app/feature/shipment/bridge/LogisticsShipmentStoreAdapters.kt,saveShipmentState,DOMAIN_COMMAND,LOCAL_MUTATION,logistics_shipments|logistics_shipment_sources|logistics_shipment_lines|logistics_milestones|logistics_assignments|logistics_events|logistics_partners|logistics_shipment_legs|logistics_custody_handoffs|logistics_shipment_partner_links|logistics_transport_details|logistics_documents|logistics_costs|logistics_payments|logistics_route_templates|logistics_route_template_stops|logistics_receiving_batches|logistics_receiving_lines|logistics_inventory_postings|logistics_cost_allocations|logistics_shortages|logistics_recoveries|logistics_recovery_lines|logistics_recovery_postings,CANCEL,logistics_shipments|logistics_shipment_sources|logistics_shipment_lines|logistics_milestones|logistics_assignments|logistics_events|logistics_partners|logistics_shipment_legs|logistics_custody_handoffs|logistics_shipment_partner_links|logistics_transport_details|logistics_documents|logistics_costs|logistics_payments|logistics_route_templates|logistics_route_template_stops|logistics_receiving_batches|logistics_receiving_lines|logistics_inventory_postings|logistics_cost_allocations|logistics_shortages|logistics_recoveries|logistics_recovery_lines|logistics_recovery_postings,remote path inert behind SERVER_CONTRACT_VERIFIED=false,ROOM_ATOMIC_UNIFIED_OUTBOX,sync_outbox,app/src/main/kotlin/com/verto/app/feature/shipment/bridge/LogisticsShipmentStoreAdapters.kt#saveShipmentState,UUID.nameUUIDFromBytes stable semantic key,trusted SessionReader / domain tenant,1,CANCEL,CANCEL_STATE_TRANSITION,stable semantic request key,NONE,V2 server runtime remains OFF,N/A,MIGRATED_UNIFIED_OUTBOX,app/src/main/kotlin/com/verto/app/feature/shipment/bridge/LogisticsShipmentStoreAdapters.kt#saveShipmentState
SHIPMENT,307,app/src/main/kotlin/com/verto/app/feature/shipment/bridge/LogisticsShipmentStoreAdapters.kt,changeAssignment,DOMAIN_COMMAND,LOCAL_MUTATION,logistics_shipments|logistics_shipment_sources|logistics_shipment_lines|logistics_milestones|logistics_assignments|logistics_events|logistics_partners|logistics_shipment_legs|logistics_custody_handoffs|logistics_shipment_partner_links|logistics_transport_details|logistics_documents|logistics_costs|logistics_payments|logistics_route_templates|logistics_route_template_stops|logistics_receiving_batches|logistics_receiving_lines|logistics_inventory_postings|logistics_cost_allocations|logistics_shortages|logistics_recoveries|logistics_recovery_lines|logistics_recovery_postings,COMMAND,logistics_shipments|logistics_shipment_sources|logistics_shipment_lines|logistics_milestones|logistics_assignments|logistics_events|logistics_partners|logistics_shipment_legs|logistics_custody_handoffs|logistics_shipment_partner_links|logistics_transport_details|logistics_documents|logistics_costs|logistics_payments|logistics_route_templates|logistics_route_template_stops|logistics_receiving_batches|logistics_receiving_lines|logistics_inventory_postings|logistics_cost_allocations|logistics_shortages|logistics_recoveries|logistics_recovery_lines|logistics_recovery_postings,remote path inert behind SERVER_CONTRACT_VERIFIED=false,ROOM_ATOMIC_UNIFIED_OUTBOX,sync_outbox,app/src/main/kotlin/com/verto/app/feature/shipment/bridge/LogisticsShipmentStoreAdapters.kt#changeAssignment,UUID.nameUUIDFromBytes stable semantic key,trusted SessionReader / domain tenant,1,COMMAND,CANCEL_STATE_TRANSITION,stable semantic request key,NONE,V2 server runtime remains OFF,N/A,MIGRATED_UNIFIED_OUTBOX,app/src/main/kotlin/com/verto/app/feature/shipment/bridge/LogisticsShipmentStoreAdapters.kt#changeAssignment
SHIPMENT,307,app/src/main/kotlin/com/verto/app/feature/shipment/bridge/LogisticsShipmentStoreAdapters.kt,saveMilestone,DOMAIN_COMMAND,LOCAL_MUTATION,logistics_shipments|logistics_shipment_sources|logistics_shipment_lines|logistics_milestones|logistics_assignments|logistics_events|logistics_partners|logistics_shipment_legs|logistics_custody_handoffs|logistics_shipment_partner_links|logistics_transport_details|logistics_documents|logistics_costs|logistics_payments|logistics_route_templates|logistics_route_template_stops|logistics_receiving_batches|logistics_receiving_lines|logistics_inventory_postings|logistics_cost_allocations|logistics_shortages|logistics_recoveries|logistics_recovery_lines|logistics_recovery_postings,COMMAND,logistics_shipments|logistics_shipment_sources|logistics_shipment_lines|logistics_milestones|logistics_assignments|logistics_events|logistics_partners|logistics_shipment_legs|logistics_custody_handoffs|logistics_shipment_partner_links|logistics_transport_details|logistics_documents|logistics_costs|logistics_payments|logistics_route_templates|logistics_route_template_stops|logistics_receiving_batches|logistics_receiving_lines|logistics_inventory_postings|logistics_cost_allocations|logistics_shortages|logistics_recoveries|logistics_recovery_lines|logistics_recovery_postings,remote path inert behind SERVER_CONTRACT_VERIFIED=false,ROOM_ATOMIC_UNIFIED_OUTBOX,sync_outbox,app/src/main/kotlin/com/verto/app/feature/shipment/bridge/LogisticsShipmentStoreAdapters.kt#saveMilestone,UUID.nameUUIDFromBytes stable semantic key,trusted SessionReader / domain tenant,1,COMMAND,CANCEL_STATE_TRANSITION,stable semantic request key,NONE,V2 server runtime remains OFF,N/A,MIGRATED_UNIFIED_OUTBOX,app/src/main/kotlin/com/verto/app/feature/shipment/bridge/LogisticsShipmentStoreAdapters.kt#saveMilestone
SHIPMENT,307,app/src/main/kotlin/com/verto/app/feature/shipment/bridge/LogisticsShipmentStoreAdapters.kt,replacePlannedRoute,DOMAIN_COMMAND,LOCAL_MUTATION,logistics_shipments|logistics_shipment_sources|logistics_shipment_lines|logistics_milestones|logistics_assignments|logistics_events|logistics_partners|logistics_shipment_legs|logistics_custody_handoffs|logistics_shipment_partner_links|logistics_transport_details|logistics_documents|logistics_costs|logistics_payments|logistics_route_templates|logistics_route_template_stops|logistics_receiving_batches|logistics_receiving_lines|logistics_inventory_postings|logistics_cost_allocations|logistics_shortages|logistics_recoveries|logistics_recovery_lines|logistics_recovery_postings,COMMAND,logistics_shipments|logistics_shipment_sources|logistics_shipment_lines|logistics_milestones|logistics_assignments|logistics_events|logistics_partners|logistics_shipment_legs|logistics_custody_handoffs|logistics_shipment_partner_links|logistics_transport_details|logistics_documents|logistics_costs|logistics_payments|logistics_route_templates|logistics_route_template_stops|logistics_receiving_batches|logistics_receiving_lines|logistics_inventory_postings|logistics_cost_allocations|logistics_shortages|logistics_recoveries|logistics_recovery_lines|logistics_recovery_postings,remote path inert behind SERVER_CONTRACT_VERIFIED=false,ROOM_ATOMIC_UNIFIED_OUTBOX,sync_outbox,app/src/main/kotlin/com/verto/app/feature/shipment/bridge/LogisticsShipmentStoreAdapters.kt#replacePlannedRoute,UUID.nameUUIDFromBytes stable semantic key,trusted SessionReader / domain tenant,1,COMMAND,CANCEL_STATE_TRANSITION,stable semantic request key,NONE,V2 server runtime remains OFF,N/A,MIGRATED_UNIFIED_OUTBOX,app/src/main/kotlin/com/verto/app/feature/shipment/bridge/LogisticsShipmentStoreAdapters.kt#replacePlannedRoute
SHIPMENT,307,app/src/main/kotlin/com/verto/app/feature/shipment/bridge/LogisticsShipmentStoreAdapters.kt,saveRoute,DOMAIN_COMMAND,LOCAL_MUTATION,logistics_shipments|logistics_shipment_sources|logistics_shipment_lines|logistics_milestones|logistics_assignments|logistics_events|logistics_partners|logistics_shipment_legs|logistics_custody_handoffs|logistics_shipment_partner_links|logistics_transport_details|logistics_documents|logistics_costs|logistics_payments|logistics_route_templates|logistics_route_template_stops|logistics_receiving_batches|logistics_receiving_lines|logistics_inventory_postings|logistics_cost_allocations|logistics_shortages|logistics_recoveries|logistics_recovery_lines|logistics_recovery_postings,COMMAND,logistics_shipments|logistics_shipment_sources|logistics_shipment_lines|logistics_milestones|logistics_assignments|logistics_events|logistics_partners|logistics_shipment_legs|logistics_custody_handoffs|logistics_shipment_partner_links|logistics_transport_details|logistics_documents|logistics_costs|logistics_payments|logistics_route_templates|logistics_route_template_stops|logistics_receiving_batches|logistics_receiving_lines|logistics_inventory_postings|logistics_cost_allocations|logistics_shortages|logistics_recoveries|logistics_recovery_lines|logistics_recovery_postings,remote path inert behind SERVER_CONTRACT_VERIFIED=false,ROOM_ATOMIC_UNIFIED_OUTBOX,sync_outbox,app/src/main/kotlin/com/verto/app/feature/shipment/bridge/LogisticsShipmentStoreAdapters.kt#saveRoute,UUID.nameUUIDFromBytes stable semantic key,trusted SessionReader / domain tenant,1,COMMAND,CANCEL_STATE_TRANSITION,stable semantic request key,NONE,V2 server runtime remains OFF,N/A,MIGRATED_UNIFIED_OUTBOX,app/src/main/kotlin/com/verto/app/feature/shipment/bridge/LogisticsShipmentStoreAdapters.kt#saveRoute
SHIPMENT,307,app/src/main/kotlin/com/verto/app/feature/shipment/bridge/LogisticsShipmentStoreAdapters.kt,correctMilestone,DOMAIN_COMMAND,LOCAL_MUTATION,logistics_shipments|logistics_shipment_sources|logistics_shipment_lines|logistics_milestones|logistics_assignments|logistics_events|logistics_partners|logistics_shipment_legs|logistics_custody_handoffs|logistics_shipment_partner_links|logistics_transport_details|logistics_documents|logistics_costs|logistics_payments|logistics_route_templates|logistics_route_template_stops|logistics_receiving_batches|logistics_receiving_lines|logistics_inventory_postings|logistics_cost_allocations|logistics_shortages|logistics_recoveries|logistics_recovery_lines|logistics_recovery_postings,COMMAND,logistics_shipments|logistics_shipment_sources|logistics_shipment_lines|logistics_milestones|logistics_assignments|logistics_events|logistics_partners|logistics_shipment_legs|logistics_custody_handoffs|logistics_shipment_partner_links|logistics_transport_details|logistics_documents|logistics_costs|logistics_payments|logistics_route_templates|logistics_route_template_stops|logistics_receiving_batches|logistics_receiving_lines|logistics_inventory_postings|logistics_cost_allocations|logistics_shortages|logistics_recoveries|logistics_recovery_lines|logistics_recovery_postings,remote path inert behind SERVER_CONTRACT_VERIFIED=false,ROOM_ATOMIC_UNIFIED_OUTBOX,sync_outbox,app/src/main/kotlin/com/verto/app/feature/shipment/bridge/LogisticsShipmentStoreAdapters.kt#correctMilestone,UUID.nameUUIDFromBytes stable semantic key,trusted SessionReader / domain tenant,1,COMMAND,CANCEL_STATE_TRANSITION,stable semantic request key,NONE,V2 server runtime remains OFF,N/A,MIGRATED_UNIFIED_OUTBOX,app/src/main/kotlin/com/verto/app/feature/shipment/bridge/LogisticsShipmentStoreAdapters.kt#correctMilestone
SHIPMENT,307,app/src/main/kotlin/com/verto/app/feature/shipment/bridge/LogisticsShipmentStoreAdapters.kt,correctLeg,DOMAIN_COMMAND,LOCAL_MUTATION,logistics_shipments|logistics_shipment_sources|logistics_shipment_lines|logistics_milestones|logistics_assignments|logistics_events|logistics_partners|logistics_shipment_legs|logistics_custody_handoffs|logistics_shipment_partner_links|logistics_transport_details|logistics_documents|logistics_costs|logistics_payments|logistics_route_templates|logistics_route_template_stops|logistics_receiving_batches|logistics_receiving_lines|logistics_inventory_postings|logistics_cost_allocations|logistics_shortages|logistics_recoveries|logistics_recovery_lines|logistics_recovery_postings,COMMAND,logistics_shipments|logistics_shipment_sources|logistics_shipment_lines|logistics_milestones|logistics_assignments|logistics_events|logistics_partners|logistics_shipment_legs|logistics_custody_handoffs|logistics_shipment_partner_links|logistics_transport_details|logistics_documents|logistics_costs|logistics_payments|logistics_route_templates|logistics_route_template_stops|logistics_receiving_batches|logistics_receiving_lines|logistics_inventory_postings|logistics_cost_allocations|logistics_shortages|logistics_recoveries|logistics_recovery_lines|logistics_recovery_postings,remote path inert behind SERVER_CONTRACT_VERIFIED=false,ROOM_ATOMIC_UNIFIED_OUTBOX,sync_outbox,app/src/main/kotlin/com/verto/app/feature/shipment/bridge/LogisticsShipmentStoreAdapters.kt#correctLeg,UUID.nameUUIDFromBytes stable semantic key,trusted SessionReader / domain tenant,1,COMMAND,CANCEL_STATE_TRANSITION,stable semantic request key,NONE,V2 server runtime remains OFF,N/A,MIGRATED_UNIFIED_OUTBOX,app/src/main/kotlin/com/verto/app/feature/shipment/bridge/LogisticsShipmentStoreAdapters.kt#correctLeg
SHIPMENT,307,app/src/main/kotlin/com/verto/app/feature/shipment/bridge/LogisticsShipmentStoreAdapters.kt,saveCustodyHandoff,DOMAIN_COMMAND,LOCAL_MUTATION,logistics_shipments|logistics_shipment_sources|logistics_shipment_lines|logistics_milestones|logistics_assignments|logistics_events|logistics_partners|logistics_shipment_legs|logistics_custody_handoffs|logistics_shipment_partner_links|logistics_transport_details|logistics_documents|logistics_costs|logistics_payments|logistics_route_templates|logistics_route_template_stops|logistics_receiving_batches|logistics_receiving_lines|logistics_inventory_postings|logistics_cost_allocations|logistics_shortages|logistics_recoveries|logistics_recovery_lines|logistics_recovery_postings,COMMAND,logistics_shipments|logistics_shipment_sources|logistics_shipment_lines|logistics_milestones|logistics_assignments|logistics_events|logistics_partners|logistics_shipment_legs|logistics_custody_handoffs|logistics_shipment_partner_links|logistics_transport_details|logistics_documents|logistics_costs|logistics_payments|logistics_route_templates|logistics_route_template_stops|logistics_receiving_batches|logistics_receiving_lines|logistics_inventory_postings|logistics_cost_allocations|logistics_shortages|logistics_recoveries|logistics_recovery_lines|logistics_recovery_postings,remote path inert behind SERVER_CONTRACT_VERIFIED=false,ROOM_ATOMIC_UNIFIED_OUTBOX,sync_outbox,app/src/main/kotlin/com/verto/app/feature/shipment/bridge/LogisticsShipmentStoreAdapters.kt#saveCustodyHandoff,UUID.nameUUIDFromBytes stable semantic key,trusted SessionReader / domain tenant,1,COMMAND,CANCEL_STATE_TRANSITION,stable semantic request key,NONE,V2 server runtime remains OFF,N/A,MIGRATED_UNIFIED_OUTBOX,app/src/main/kotlin/com/verto/app/feature/shipment/bridge/LogisticsShipmentStoreAdapters.kt#saveCustodyHandoff
SHIPMENT,307,app/src/main/kotlin/com/verto/app/feature/shipment/bridge/LogisticsShipmentStoreAdapters.kt,saveCustomsTransition,DOMAIN_COMMAND,LOCAL_MUTATION,logistics_shipments|logistics_shipment_sources|logistics_shipment_lines|logistics_milestones|logistics_assignments|logistics_events|logistics_partners|logistics_shipment_legs|logistics_custody_handoffs|logistics_shipment_partner_links|logistics_transport_details|logistics_documents|logistics_costs|logistics_payments|logistics_route_templates|logistics_route_template_stops|logistics_receiving_batches|logistics_receiving_lines|logistics_inventory_postings|logistics_cost_allocations|logistics_shortages|logistics_recoveries|logistics_recovery_lines|logistics_recovery_postings,COMMAND,logistics_shipments|logistics_shipment_sources|logistics_shipment_lines|logistics_milestones|logistics_assignments|logistics_events|logistics_partners|logistics_shipment_legs|logistics_custody_handoffs|logistics_shipment_partner_links|logistics_transport_details|logistics_documents|logistics_costs|logistics_payments|logistics_route_templates|logistics_route_template_stops|logistics_receiving_batches|logistics_receiving_lines|logistics_inventory_postings|logistics_cost_allocations|logistics_shortages|logistics_recoveries|logistics_recovery_lines|logistics_recovery_postings,remote path inert behind SERVER_CONTRACT_VERIFIED=false,ROOM_ATOMIC_UNIFIED_OUTBOX,sync_outbox,app/src/main/kotlin/com/verto/app/feature/shipment/bridge/LogisticsShipmentStoreAdapters.kt#saveCustomsTransition,UUID.nameUUIDFromBytes stable semantic key,trusted SessionReader / domain tenant,1,COMMAND,CANCEL_STATE_TRANSITION,stable semantic request key,NONE,V2 server runtime remains OFF,N/A,MIGRATED_UNIFIED_OUTBOX,app/src/main/kotlin/com/verto/app/feature/shipment/bridge/LogisticsShipmentStoreAdapters.kt#saveCustomsTransition
SHIPMENT,307,app/src/main/kotlin/com/verto/app/feature/shipment/bridge/LogisticsShipmentStoreAdapters.kt,saveOperationalUpdate,DOMAIN_COMMAND,LOCAL_MUTATION,logistics_shipments|logistics_shipment_sources|logistics_shipment_lines|logistics_milestones|logistics_assignments|logistics_events|logistics_partners|logistics_shipment_legs|logistics_custody_handoffs|logistics_shipment_partner_links|logistics_transport_details|logistics_documents|logistics_costs|logistics_payments|logistics_route_templates|logistics_route_template_stops|logistics_receiving_batches|logistics_receiving_lines|logistics_inventory_postings|logistics_cost_allocations|logistics_shortages|logistics_recoveries|logistics_recovery_lines|logistics_recovery_postings,COMMAND,logistics_shipments|logistics_shipment_sources|logistics_shipment_lines|logistics_milestones|logistics_assignments|logistics_events|logistics_partners|logistics_shipment_legs|logistics_custody_handoffs|logistics_shipment_partner_links|logistics_transport_details|logistics_documents|logistics_costs|logistics_payments|logistics_route_templates|logistics_route_template_stops|logistics_receiving_batches|logistics_receiving_lines|logistics_inventory_postings|logistics_cost_allocations|logistics_shortages|logistics_recoveries|logistics_recovery_lines|logistics_recovery_postings,remote path inert behind SERVER_CONTRACT_VERIFIED=false,ROOM_ATOMIC_UNIFIED_OUTBOX,sync_outbox,app/src/main/kotlin/com/verto/app/feature/shipment/bridge/LogisticsShipmentStoreAdapters.kt#saveOperationalUpdate,UUID.nameUUIDFromBytes stable semantic key,trusted SessionReader / domain tenant,1,COMMAND,CANCEL_STATE_TRANSITION,stable semantic request key,NONE,V2 server runtime remains OFF,N/A,MIGRATED_UNIFIED_OUTBOX,app/src/main/kotlin/com/verto/app/feature/shipment/bridge/LogisticsShipmentStoreAdapters.kt#saveOperationalUpdate
SHIPMENT,307,app/src/main/kotlin/com/verto/app/feature/shipment/bridge/LogisticsShipmentStoreAdapters.kt,saveFuturePlanLegRevision,DOMAIN_COMMAND,LOCAL_MUTATION,logistics_shipments|logistics_shipment_sources|logistics_shipment_lines|logistics_milestones|logistics_assignments|logistics_events|logistics_partners|logistics_shipment_legs|logistics_custody_handoffs|logistics_shipment_partner_links|logistics_transport_details|logistics_documents|logistics_costs|logistics_payments|logistics_route_templates|logistics_route_template_stops|logistics_receiving_batches|logistics_receiving_lines|logistics_inventory_postings|logistics_cost_allocations|logistics_shortages|logistics_recoveries|logistics_recovery_lines|logistics_recovery_postings,COMMAND,logistics_shipments|logistics_shipment_sources|logistics_shipment_lines|logistics_milestones|logistics_assignments|logistics_events|logistics_partners|logistics_shipment_legs|logistics_custody_handoffs|logistics_shipment_partner_links|logistics_transport_details|logistics_documents|logistics_costs|logistics_payments|logistics_route_templates|logistics_route_template_stops|logistics_receiving_batches|logistics_receiving_lines|logistics_inventory_postings|logistics_cost_allocations|logistics_shortages|logistics_recoveries|logistics_recovery_lines|logistics_recovery_postings,remote path inert behind SERVER_CONTRACT_VERIFIED=false,ROOM_ATOMIC_UNIFIED_OUTBOX,sync_outbox,app/src/main/kotlin/com/verto/app/feature/shipment/bridge/LogisticsShipmentStoreAdapters.kt#saveFuturePlanLegRevision,UUID.nameUUIDFromBytes stable semantic key,trusted SessionReader / domain tenant,1,COMMAND,CANCEL_STATE_TRANSITION,stable semantic request key,NONE,V2 server runtime remains OFF,N/A,MIGRATED_UNIFIED_OUTBOX,app/src/main/kotlin/com/verto/app/feature/shipment/bridge/LogisticsShipmentStoreAdapters.kt#saveFuturePlanLegRevision
SHIPMENT,307,app/src/main/kotlin/com/verto/app/feature/shipment/bridge/LogisticsShipmentStoreAdapters.kt,appendEvent,DOMAIN_COMMAND,LOCAL_MUTATION,logistics_shipments|logistics_shipment_sources|logistics_shipment_lines|logistics_milestones|logistics_assignments|logistics_events|logistics_partners|logistics_shipment_legs|logistics_custody_handoffs|logistics_shipment_partner_links|logistics_transport_details|logistics_documents|logistics_costs|logistics_payments|logistics_route_templates|logistics_route_template_stops|logistics_receiving_batches|logistics_receiving_lines|logistics_inventory_postings|logistics_cost_allocations|logistics_shortages|logistics_recoveries|logistics_recovery_lines|logistics_recovery_postings,COMMAND,logistics_shipments|logistics_shipment_sources|logistics_shipment_lines|logistics_milestones|logistics_assignments|logistics_events|logistics_partners|logistics_shipment_legs|logistics_custody_handoffs|logistics_shipment_partner_links|logistics_transport_details|logistics_documents|logistics_costs|logistics_payments|logistics_route_templates|logistics_route_template_stops|logistics_receiving_batches|logistics_receiving_lines|logistics_inventory_postings|logistics_cost_allocations|logistics_shortages|logistics_recoveries|logistics_recovery_lines|logistics_recovery_postings,remote path inert behind SERVER_CONTRACT_VERIFIED=false,ROOM_ATOMIC_UNIFIED_OUTBOX,sync_outbox,app/src/main/kotlin/com/verto/app/feature/shipment/bridge/LogisticsShipmentStoreAdapters.kt#appendEvent,UUID.nameUUIDFromBytes stable semantic key,trusted SessionReader / domain tenant,1,COMMAND,CANCEL_STATE_TRANSITION,stable semantic request key,NONE,V2 server runtime remains OFF,N/A,MIGRATED_UNIFIED_OUTBOX,app/src/main/kotlin/com/verto/app/feature/shipment/bridge/LogisticsShipmentStoreAdapters.kt#appendEvent
SHIPMENT,307,app/src/main/kotlin/com/verto/app/feature/shipment/bridge/LogisticsShipmentStoreAdapters.kt,upsertPartner,DOMAIN_COMMAND,LOCAL_MUTATION,logistics_shipments|logistics_shipment_sources|logistics_shipment_lines|logistics_milestones|logistics_assignments|logistics_events|logistics_partners|logistics_shipment_legs|logistics_custody_handoffs|logistics_shipment_partner_links|logistics_transport_details|logistics_documents|logistics_costs|logistics_payments|logistics_route_templates|logistics_route_template_stops|logistics_receiving_batches|logistics_receiving_lines|logistics_inventory_postings|logistics_cost_allocations|logistics_shortages|logistics_recoveries|logistics_recovery_lines|logistics_recovery_postings,COMMAND,logistics_shipments|logistics_shipment_sources|logistics_shipment_lines|logistics_milestones|logistics_assignments|logistics_events|logistics_partners|logistics_shipment_legs|logistics_custody_handoffs|logistics_shipment_partner_links|logistics_transport_details|logistics_documents|logistics_costs|logistics_payments|logistics_route_templates|logistics_route_template_stops|logistics_receiving_batches|logistics_receiving_lines|logistics_inventory_postings|logistics_cost_allocations|logistics_shortages|logistics_recoveries|logistics_recovery_lines|logistics_recovery_postings,remote path inert behind SERVER_CONTRACT_VERIFIED=false,ROOM_ATOMIC_UNIFIED_OUTBOX,sync_outbox,app/src/main/kotlin/com/verto/app/feature/shipment/bridge/LogisticsShipmentStoreAdapters.kt#upsertPartner,UUID.nameUUIDFromBytes stable semantic key,trusted SessionReader / domain tenant,1,COMMAND,CANCEL_STATE_TRANSITION,stable semantic request key,NONE,V2 server runtime remains OFF,N/A,MIGRATED_UNIFIED_OUTBOX,app/src/main/kotlin/com/verto/app/feature/shipment/bridge/LogisticsShipmentStoreAdapters.kt#upsertPartner
SHIPMENT,307,app/src/main/kotlin/com/verto/app/feature/shipment/bridge/LogisticsShipmentStoreAdapters.kt,linkPartner,DOMAIN_COMMAND,LOCAL_MUTATION,logistics_shipments|logistics_shipment_sources|logistics_shipment_lines|logistics_milestones|logistics_assignments|logistics_events|logistics_partners|logistics_shipment_legs|logistics_custody_handoffs|logistics_shipment_partner_links|logistics_transport_details|logistics_documents|logistics_costs|logistics_payments|logistics_route_templates|logistics_route_template_stops|logistics_receiving_batches|logistics_receiving_lines|logistics_inventory_postings|logistics_cost_allocations|logistics_shortages|logistics_recoveries|logistics_recovery_lines|logistics_recovery_postings,COMMAND,logistics_shipments|logistics_shipment_sources|logistics_shipment_lines|logistics_milestones|logistics_assignments|logistics_events|logistics_partners|logistics_shipment_legs|logistics_custody_handoffs|logistics_shipment_partner_links|logistics_transport_details|logistics_documents|logistics_costs|logistics_payments|logistics_route_templates|logistics_route_template_stops|logistics_receiving_batches|logistics_receiving_lines|logistics_inventory_postings|logistics_cost_allocations|logistics_shortages|logistics_recoveries|logistics_recovery_lines|logistics_recovery_postings,remote path inert behind SERVER_CONTRACT_VERIFIED=false,ROOM_ATOMIC_UNIFIED_OUTBOX,sync_outbox,app/src/main/kotlin/com/verto/app/feature/shipment/bridge/LogisticsShipmentStoreAdapters.kt#linkPartner,UUID.nameUUIDFromBytes stable semantic key,trusted SessionReader / domain tenant,1,COMMAND,CANCEL_STATE_TRANSITION,stable semantic request key,NONE,V2 server runtime remains OFF,N/A,MIGRATED_UNIFIED_OUTBOX,app/src/main/kotlin/com/verto/app/feature/shipment/bridge/LogisticsShipmentStoreAdapters.kt#linkPartner
SHIPMENT,307,app/src/main/kotlin/com/verto/app/feature/shipment/bridge/LogisticsShipmentStoreAdapters.kt,saveDocument,DOMAIN_COMMAND,LOCAL_MUTATION,logistics_shipments|logistics_shipment_sources|logistics_shipment_lines|logistics_milestones|logistics_assignments|logistics_events|logistics_partners|logistics_shipment_legs|logistics_custody_handoffs|logistics_shipment_partner_links|logistics_transport_details|logistics_documents|logistics_costs|logistics_payments|logistics_route_templates|logistics_route_template_stops|logistics_receiving_batches|logistics_receiving_lines|logistics_inventory_postings|logistics_cost_allocations|logistics_shortages|logistics_recoveries|logistics_recovery_lines|logistics_recovery_postings,COMMAND,logistics_shipments|logistics_shipment_sources|logistics_shipment_lines|logistics_milestones|logistics_assignments|logistics_events|logistics_partners|logistics_shipment_legs|logistics_custody_handoffs|logistics_shipment_partner_links|logistics_transport_details|logistics_documents|logistics_costs|logistics_payments|logistics_route_templates|logistics_route_template_stops|logistics_receiving_batches|logistics_receiving_lines|logistics_inventory_postings|logistics_cost_allocations|logistics_shortages|logistics_recoveries|logistics_recovery_lines|logistics_recovery_postings,remote path inert behind SERVER_CONTRACT_VERIFIED=false,ROOM_ATOMIC_UNIFIED_OUTBOX,sync_outbox,app/src/main/kotlin/com/verto/app/feature/shipment/bridge/LogisticsShipmentStoreAdapters.kt#saveDocument,UUID.nameUUIDFromBytes stable semantic key,trusted SessionReader / domain tenant,1,COMMAND,CANCEL_STATE_TRANSITION,stable semantic request key,durable sync_attachment_transfer metadata intent; binary excluded,V2 server runtime remains OFF,N/A,MIGRATED_UNIFIED_OUTBOX,app/src/main/kotlin/com/verto/app/feature/shipment/bridge/LogisticsShipmentStoreAdapters.kt#saveDocument
SHIPMENT,307,app/src/main/kotlin/com/verto/app/feature/shipment/bridge/LogisticsShipmentStoreAdapters.kt,deleteDocument,DOMAIN_COMMAND,LOCAL_MUTATION,logistics_shipments|logistics_shipment_sources|logistics_shipment_lines|logistics_milestones|logistics_assignments|logistics_events|logistics_partners|logistics_shipment_legs|logistics_custody_handoffs|logistics_shipment_partner_links|logistics_transport_details|logistics_documents|logistics_costs|logistics_payments|logistics_route_templates|logistics_route_template_stops|logistics_receiving_batches|logistics_receiving_lines|logistics_inventory_postings|logistics_cost_allocations|logistics_shortages|logistics_recoveries|logistics_recovery_lines|logistics_recovery_postings,COMMAND,logistics_shipments|logistics_shipment_sources|logistics_shipment_lines|logistics_milestones|logistics_assignments|logistics_events|logistics_partners|logistics_shipment_legs|logistics_custody_handoffs|logistics_shipment_partner_links|logistics_transport_details|logistics_documents|logistics_costs|logistics_payments|logistics_route_templates|logistics_route_template_stops|logistics_receiving_batches|logistics_receiving_lines|logistics_inventory_postings|logistics_cost_allocations|logistics_shortages|logistics_recoveries|logistics_recovery_lines|logistics_recovery_postings,remote path inert behind SERVER_CONTRACT_VERIFIED=false,ROOM_ATOMIC_UNIFIED_OUTBOX,sync_outbox,app/src/main/kotlin/com/verto/app/feature/shipment/bridge/LogisticsShipmentStoreAdapters.kt#deleteDocument,UUID.nameUUIDFromBytes stable semantic key,trusted SessionReader / domain tenant,1,COMMAND,CANCEL_STATE_TRANSITION,stable semantic request key,NONE,V2 server runtime remains OFF,N/A,MIGRATED_UNIFIED_OUTBOX,app/src/main/kotlin/com/verto/app/feature/shipment/bridge/LogisticsShipmentStoreAdapters.kt#deleteDocument
SHIPMENT,307,app/src/main/kotlin/com/verto/app/feature/shipment/bridge/LogisticsShipmentStoreAdapters.kt,saveCost,DOMAIN_COMMAND,LOCAL_MUTATION,logistics_shipments|logistics_shipment_sources|logistics_shipment_lines|logistics_milestones|logistics_assignments|logistics_events|logistics_partners|logistics_shipment_legs|logistics_custody_handoffs|logistics_shipment_partner_links|logistics_transport_details|logistics_documents|logistics_costs|logistics_payments|logistics_route_templates|logistics_route_template_stops|logistics_receiving_batches|logistics_receiving_lines|logistics_inventory_postings|logistics_cost_allocations|logistics_shortages|logistics_recoveries|logistics_recovery_lines|logistics_recovery_postings,COMMAND,logistics_shipments|logistics_shipment_sources|logistics_shipment_lines|logistics_milestones|logistics_assignments|logistics_events|logistics_partners|logistics_shipment_legs|logistics_custody_handoffs|logistics_shipment_partner_links|logistics_transport_details|logistics_documents|logistics_costs|logistics_payments|logistics_route_templates|logistics_route_template_stops|logistics_receiving_batches|logistics_receiving_lines|logistics_inventory_postings|logistics_cost_allocations|logistics_shortages|logistics_recoveries|logistics_recovery_lines|logistics_recovery_postings,remote path inert behind SERVER_CONTRACT_VERIFIED=false,ROOM_ATOMIC_UNIFIED_OUTBOX,sync_outbox,app/src/main/kotlin/com/verto/app/feature/shipment/bridge/LogisticsShipmentStoreAdapters.kt#saveCost,UUID.nameUUIDFromBytes stable semantic key,trusted SessionReader / domain tenant,1,COMMAND,CANCEL_STATE_TRANSITION,stable semantic request key,NONE,V2 server runtime remains OFF,N/A,MIGRATED_UNIFIED_OUTBOX,app/src/main/kotlin/com/verto/app/feature/shipment/bridge/LogisticsShipmentStoreAdapters.kt#saveCost
SHIPMENT,307,app/src/main/kotlin/com/verto/app/feature/shipment/bridge/LogisticsShipmentStoreAdapters.kt,savePayment,DOMAIN_COMMAND,LOCAL_MUTATION,logistics_shipments|logistics_shipment_sources|logistics_shipment_lines|logistics_milestones|logistics_assignments|logistics_events|logistics_partners|logistics_shipment_legs|logistics_custody_handoffs|logistics_shipment_partner_links|logistics_transport_details|logistics_documents|logistics_costs|logistics_payments|logistics_route_templates|logistics_route_template_stops|logistics_receiving_batches|logistics_receiving_lines|logistics_inventory_postings|logistics_cost_allocations|logistics_shortages|logistics_recoveries|logistics_recovery_lines|logistics_recovery_postings,COMMAND,logistics_shipments|logistics_shipment_sources|logistics_shipment_lines|logistics_milestones|logistics_assignments|logistics_events|logistics_partners|logistics_shipment_legs|logistics_custody_handoffs|logistics_shipment_partner_links|logistics_transport_details|logistics_documents|logistics_costs|logistics_payments|logistics_route_templates|logistics_route_template_stops|logistics_receiving_batches|logistics_receiving_lines|logistics_inventory_postings|logistics_cost_allocations|logistics_shortages|logistics_recoveries|logistics_recovery_lines|logistics_recovery_postings,remote path inert behind SERVER_CONTRACT_VERIFIED=false,ROOM_ATOMIC_UNIFIED_OUTBOX,sync_outbox,app/src/main/kotlin/com/verto/app/feature/shipment/bridge/LogisticsShipmentStoreAdapters.kt#savePayment,UUID.nameUUIDFromBytes stable semantic key,trusted SessionReader / domain tenant,1,COMMAND,CANCEL_STATE_TRANSITION,stable semantic request key,NONE,V2 server runtime remains OFF,N/A,MIGRATED_UNIFIED_OUTBOX,app/src/main/kotlin/com/verto/app/feature/shipment/bridge/LogisticsShipmentStoreAdapters.kt#savePayment
SHIPMENT,307,app/src/main/kotlin/com/verto/app/feature/shipment/bridge/LogisticsShipmentStoreAdapters.kt,saveReceivingBatch,DOMAIN_COMMAND,LOCAL_MUTATION,logistics_shipments|logistics_shipment_sources|logistics_shipment_lines|logistics_milestones|logistics_assignments|logistics_events|logistics_partners|logistics_shipment_legs|logistics_custody_handoffs|logistics_shipment_partner_links|logistics_transport_details|logistics_documents|logistics_costs|logistics_payments|logistics_route_templates|logistics_route_template_stops|logistics_receiving_batches|logistics_receiving_lines|logistics_inventory_postings|logistics_cost_allocations|logistics_shortages|logistics_recoveries|logistics_recovery_lines|logistics_recovery_postings,COMMAND,logistics_shipments|logistics_shipment_sources|logistics_shipment_lines|logistics_milestones|logistics_assignments|logistics_events|logistics_partners|logistics_shipment_legs|logistics_custody_handoffs|logistics_shipment_partner_links|logistics_transport_details|logistics_documents|logistics_costs|logistics_payments|logistics_route_templates|logistics_route_template_stops|logistics_receiving_batches|logistics_receiving_lines|logistics_inventory_postings|logistics_cost_allocations|logistics_shortages|logistics_recoveries|logistics_recovery_lines|logistics_recovery_postings,remote path inert behind SERVER_CONTRACT_VERIFIED=false,ROOM_ATOMIC_UNIFIED_OUTBOX,sync_outbox,app/src/main/kotlin/com/verto/app/feature/shipment/bridge/LogisticsShipmentStoreAdapters.kt#saveReceivingBatch,UUID.nameUUIDFromBytes stable semantic key,trusted SessionReader / domain tenant,1,COMMAND,CANCEL_STATE_TRANSITION,stable semantic request key,NONE,V2 server runtime remains OFF,N/A,MIGRATED_UNIFIED_OUTBOX,app/src/main/kotlin/com/verto/app/feature/shipment/bridge/LogisticsShipmentStoreAdapters.kt#saveReceivingBatch
SHIPMENT,307,app/src/main/kotlin/com/verto/app/feature/shipment/bridge/LogisticsShipmentStoreAdapters.kt,upsertShortage,DOMAIN_COMMAND,LOCAL_MUTATION,logistics_shipments|logistics_shipment_sources|logistics_shipment_lines|logistics_milestones|logistics_assignments|logistics_events|logistics_partners|logistics_shipment_legs|logistics_custody_handoffs|logistics_shipment_partner_links|logistics_transport_details|logistics_documents|logistics_costs|logistics_payments|logistics_route_templates|logistics_route_template_stops|logistics_receiving_batches|logistics_receiving_lines|logistics_inventory_postings|logistics_cost_allocations|logistics_shortages|logistics_recoveries|logistics_recovery_lines|logistics_recovery_postings,COMMAND,logistics_shipments|logistics_shipment_sources|logistics_shipment_lines|logistics_milestones|logistics_assignments|logistics_events|logistics_partners|logistics_shipment_legs|logistics_custody_handoffs|logistics_shipment_partner_links|logistics_transport_details|logistics_documents|logistics_costs|logistics_payments|logistics_route_templates|logistics_route_template_stops|logistics_receiving_batches|logistics_receiving_lines|logistics_inventory_postings|logistics_cost_allocations|logistics_shortages|logistics_recoveries|logistics_recovery_lines|logistics_recovery_postings,remote path inert behind SERVER_CONTRACT_VERIFIED=false,ROOM_ATOMIC_UNIFIED_OUTBOX,sync_outbox,app/src/main/kotlin/com/verto/app/feature/shipment/bridge/LogisticsShipmentStoreAdapters.kt#upsertShortage,UUID.nameUUIDFromBytes stable semantic key,trusted SessionReader / domain tenant,1,COMMAND,CANCEL_STATE_TRANSITION,stable semantic request key,NONE,V2 server runtime remains OFF,N/A,MIGRATED_UNIFIED_OUTBOX,app/src/main/kotlin/com/verto/app/feature/shipment/bridge/LogisticsShipmentStoreAdapters.kt#upsertShortage
SHIPMENT,307,app/src/main/kotlin/com/verto/app/feature/shipment/bridge/LogisticsShipmentStoreAdapters.kt,saveShortageSettlement,DOMAIN_COMMAND,LOCAL_MUTATION,logistics_shipments|logistics_shipment_sources|logistics_shipment_lines|logistics_milestones|logistics_assignments|logistics_events|logistics_partners|logistics_shipment_legs|logistics_custody_handoffs|logistics_shipment_partner_links|logistics_transport_details|logistics_documents|logistics_costs|logistics_payments|logistics_route_templates|logistics_route_template_stops|logistics_receiving_batches|logistics_receiving_lines|logistics_inventory_postings|logistics_cost_allocations|logistics_shortages|logistics_recoveries|logistics_recovery_lines|logistics_recovery_postings,COMMAND,logistics_shipments|logistics_shipment_sources|logistics_shipment_lines|logistics_milestones|logistics_assignments|logistics_events|logistics_partners|logistics_shipment_legs|logistics_custody_handoffs|logistics_shipment_partner_links|logistics_transport_details|logistics_documents|logistics_costs|logistics_payments|logistics_route_templates|logistics_route_template_stops|logistics_receiving_batches|logistics_receiving_lines|logistics_inventory_postings|logistics_cost_allocations|logistics_shortages|logistics_recoveries|logistics_recovery_lines|logistics_recovery_postings,remote path inert behind SERVER_CONTRACT_VERIFIED=false,ROOM_ATOMIC_UNIFIED_OUTBOX,sync_outbox,app/src/main/kotlin/com/verto/app/feature/shipment/bridge/LogisticsShipmentStoreAdapters.kt#saveShortageSettlement,UUID.nameUUIDFromBytes stable semantic key,trusted SessionReader / domain tenant,1,COMMAND,CANCEL_STATE_TRANSITION,stable semantic request key,NONE,V2 server runtime remains OFF,N/A,MIGRATED_UNIFIED_OUTBOX,app/src/main/kotlin/com/verto/app/feature/shipment/bridge/LogisticsShipmentStoreAdapters.kt#saveShortageSettlement
SHIPMENT,307,app/src/main/kotlin/com/verto/app/feature/shipment/bridge/LogisticsShipmentStoreAdapters.kt,createRecovery,DOMAIN_COMMAND,LOCAL_MUTATION,logistics_shipments|logistics_shipment_sources|logistics_shipment_lines|logistics_milestones|logistics_assignments|logistics_events|logistics_partners|logistics_shipment_legs|logistics_custody_handoffs|logistics_shipment_partner_links|logistics_transport_details|logistics_documents|logistics_costs|logistics_payments|logistics_route_templates|logistics_route_template_stops|logistics_receiving_batches|logistics_receiving_lines|logistics_inventory_postings|logistics_cost_allocations|logistics_shortages|logistics_recoveries|logistics_recovery_lines|logistics_recovery_postings,COMMAND,logistics_shipments|logistics_shipment_sources|logistics_shipment_lines|logistics_milestones|logistics_assignments|logistics_events|logistics_partners|logistics_shipment_legs|logistics_custody_handoffs|logistics_shipment_partner_links|logistics_transport_details|logistics_documents|logistics_costs|logistics_payments|logistics_route_templates|logistics_route_template_stops|logistics_receiving_batches|logistics_receiving_lines|logistics_inventory_postings|logistics_cost_allocations|logistics_shortages|logistics_recoveries|logistics_recovery_lines|logistics_recovery_postings,remote path inert behind SERVER_CONTRACT_VERIFIED=false,ROOM_ATOMIC_UNIFIED_OUTBOX,sync_outbox,app/src/main/kotlin/com/verto/app/feature/shipment/bridge/LogisticsShipmentStoreAdapters.kt#createRecovery,UUID.nameUUIDFromBytes stable semantic key,trusted SessionReader / domain tenant,1,COMMAND,CANCEL_STATE_TRANSITION,stable semantic request key,NONE,V2 server runtime remains OFF,N/A,MIGRATED_UNIFIED_OUTBOX,app/src/main/kotlin/com/verto/app/feature/shipment/bridge/LogisticsShipmentStoreAdapters.kt#createRecovery
SHIPMENT,307,app/src/main/kotlin/com/verto/app/feature/shipment/bridge/LogisticsShipmentStoreAdapters.kt,createRecoveryLines,DOMAIN_COMMAND,LOCAL_MUTATION,logistics_shipments|logistics_shipment_sources|logistics_shipment_lines|logistics_milestones|logistics_assignments|logistics_events|logistics_partners|logistics_shipment_legs|logistics_custody_handoffs|logistics_shipment_partner_links|logistics_transport_details|logistics_documents|logistics_costs|logistics_payments|logistics_route_templates|logistics_route_template_stops|logistics_receiving_batches|logistics_receiving_lines|logistics_inventory_postings|logistics_cost_allocations|logistics_shortages|logistics_recoveries|logistics_recovery_lines|logistics_recovery_postings,COMMAND,logistics_shipments|logistics_shipment_sources|logistics_shipment_lines|logistics_milestones|logistics_assignments|logistics_events|logistics_partners|logistics_shipment_legs|logistics_custody_handoffs|logistics_shipment_partner_links|logistics_transport_details|logistics_documents|logistics_costs|logistics_payments|logistics_route_templates|logistics_route_template_stops|logistics_receiving_batches|logistics_receiving_lines|logistics_inventory_postings|logistics_cost_allocations|logistics_shortages|logistics_recoveries|logistics_recovery_lines|logistics_recovery_postings,remote path inert behind SERVER_CONTRACT_VERIFIED=false,ROOM_ATOMIC_UNIFIED_OUTBOX,sync_outbox,app/src/main/kotlin/com/verto/app/feature/shipment/bridge/LogisticsShipmentStoreAdapters.kt#createRecoveryLines,UUID.nameUUIDFromBytes stable semantic key,trusted SessionReader / domain tenant,1,COMMAND,CANCEL_STATE_TRANSITION,stable semantic request key,NONE,V2 server runtime remains OFF,N/A,MIGRATED_UNIFIED_OUTBOX,app/src/main/kotlin/com/verto/app/feature/shipment/bridge/LogisticsShipmentStoreAdapters.kt#createRecoveryLines
SHIPMENT,307,app/src/main/kotlin/com/verto/app/feature/shipment/bridge/LogisticsShipmentStoreAdapters.kt,saveRecoveryPosting,DOMAIN_COMMAND,LOCAL_MUTATION,logistics_shipments|logistics_shipment_sources|logistics_shipment_lines|logistics_milestones|logistics_assignments|logistics_events|logistics_partners|logistics_shipment_legs|logistics_custody_handoffs|logistics_shipment_partner_links|logistics_transport_details|logistics_documents|logistics_costs|logistics_payments|logistics_route_templates|logistics_route_template_stops|logistics_receiving_batches|logistics_receiving_lines|logistics_inventory_postings|logistics_cost_allocations|logistics_shortages|logistics_recoveries|logistics_recovery_lines|logistics_recovery_postings,COMMAND,logistics_shipments|logistics_shipment_sources|logistics_shipment_lines|logistics_milestones|logistics_assignments|logistics_events|logistics_partners|logistics_shipment_legs|logistics_custody_handoffs|logistics_shipment_partner_links|logistics_transport_details|logistics_documents|logistics_costs|logistics_payments|logistics_route_templates|logistics_route_template_stops|logistics_receiving_batches|logistics_receiving_lines|logistics_inventory_postings|logistics_cost_allocations|logistics_shortages|logistics_recoveries|logistics_recovery_lines|logistics_recovery_postings,remote path inert behind SERVER_CONTRACT_VERIFIED=false,ROOM_ATOMIC_UNIFIED_OUTBOX,sync_outbox,app/src/main/kotlin/com/verto/app/feature/shipment/bridge/LogisticsShipmentStoreAdapters.kt#saveRecoveryPosting,UUID.nameUUIDFromBytes stable semantic key,trusted SessionReader / domain tenant,1,COMMAND,CANCEL_STATE_TRANSITION,stable semantic request key,NONE,V2 server runtime remains OFF,N/A,MIGRATED_UNIFIED_OUTBOX,app/src/main/kotlin/com/verto/app/feature/shipment/bridge/LogisticsShipmentStoreAdapters.kt#saveRecoveryPosting
SHIPMENT,307,app/src/main/kotlin/com/verto/app/feature/shipment/bridge/LogisticsShipmentStoreAdapters.kt,saveCostAllocations,DOMAIN_COMMAND,LOCAL_MUTATION,logistics_shipments|logistics_shipment_sources|logistics_shipment_lines|logistics_milestones|logistics_assignments|logistics_events|logistics_partners|logistics_shipment_legs|logistics_custody_handoffs|logistics_shipment_partner_links|logistics_transport_details|logistics_documents|logistics_costs|logistics_payments|logistics_route_templates|logistics_route_template_stops|logistics_receiving_batches|logistics_receiving_lines|logistics_inventory_postings|logistics_cost_allocations|logistics_shortages|logistics_recoveries|logistics_recovery_lines|logistics_recovery_postings,COMMAND,logistics_shipments|logistics_shipment_sources|logistics_shipment_lines|logistics_milestones|logistics_assignments|logistics_events|logistics_partners|logistics_shipment_legs|logistics_custody_handoffs|logistics_shipment_partner_links|logistics_transport_details|logistics_documents|logistics_costs|logistics_payments|logistics_route_templates|logistics_route_template_stops|logistics_receiving_batches|logistics_receiving_lines|logistics_inventory_postings|logistics_cost_allocations|logistics_shortages|logistics_recoveries|logistics_recovery_lines|logistics_recovery_postings,remote path inert behind SERVER_CONTRACT_VERIFIED=false,ROOM_ATOMIC_UNIFIED_OUTBOX,sync_outbox,app/src/main/kotlin/com/verto/app/feature/shipment/bridge/LogisticsShipmentStoreAdapters.kt#saveCostAllocations,UUID.nameUUIDFromBytes stable semantic key,trusted SessionReader / domain tenant,1,COMMAND,CANCEL_STATE_TRANSITION,stable semantic request key,NONE,V2 server runtime remains OFF,N/A,MIGRATED_UNIFIED_OUTBOX,app/src/main/kotlin/com/verto/app/feature/shipment/bridge/LogisticsShipmentStoreAdapters.kt#saveCostAllocations
SHIPMENT,307,app/src/main/kotlin/com/verto/app/feature/shipment/bridge/LogisticsShipmentStoreAdapters.kt,saveLateCostAdjustment,DOMAIN_COMMAND,LOCAL_MUTATION,logistics_shipments|logistics_shipment_sources|logistics_shipment_lines|logistics_milestones|logistics_assignments|logistics_events|logistics_partners|logistics_shipment_legs|logistics_custody_handoffs|logistics_shipment_partner_links|logistics_transport_details|logistics_documents|logistics_costs|logistics_payments|logistics_route_templates|logistics_route_template_stops|logistics_receiving_batches|logistics_receiving_lines|logistics_inventory_postings|logistics_cost_allocations|logistics_shortages|logistics_recoveries|logistics_recovery_lines|logistics_recovery_postings,COMMAND,logistics_shipments|logistics_shipment_sources|logistics_shipment_lines|logistics_milestones|logistics_assignments|logistics_events|logistics_partners|logistics_shipment_legs|logistics_custody_handoffs|logistics_shipment_partner_links|logistics_transport_details|logistics_documents|logistics_costs|logistics_payments|logistics_route_templates|logistics_route_template_stops|logistics_receiving_batches|logistics_receiving_lines|logistics_inventory_postings|logistics_cost_allocations|logistics_shortages|logistics_recoveries|logistics_recovery_lines|logistics_recovery_postings,remote path inert behind SERVER_CONTRACT_VERIFIED=false,ROOM_ATOMIC_UNIFIED_OUTBOX,sync_outbox,app/src/main/kotlin/com/verto/app/feature/shipment/bridge/LogisticsShipmentStoreAdapters.kt#saveLateCostAdjustment,UUID.nameUUIDFromBytes stable semantic key,trusted SessionReader / domain tenant,1,COMMAND,CANCEL_STATE_TRANSITION,stable semantic request key,NONE,V2 server runtime remains OFF,N/A,MIGRATED_UNIFIED_OUTBOX,app/src/main/kotlin/com/verto/app/feature/shipment/bridge/LogisticsShipmentStoreAdapters.kt#saveLateCostAdjustment
SHIPMENT,307,app/src/main/kotlin/com/verto/app/feature/shipment/bridge/LogisticsCashPostingAdapter.kt,postExpense,DOMAIN_COMMAND,LOCAL_MUTATION,logistics_shipments|logistics_shipment_sources|logistics_shipment_lines|logistics_milestones|logistics_assignments|logistics_events|logistics_partners|logistics_shipment_legs|logistics_custody_handoffs|logistics_shipment_partner_links|logistics_transport_details|logistics_documents|logistics_costs|logistics_payments|logistics_route_templates|logistics_route_template_stops|logistics_receiving_batches|logistics_receiving_lines|logistics_inventory_postings|logistics_cost_allocations|logistics_shortages|logistics_recoveries|logistics_recovery_lines|logistics_recovery_postings,COMMAND,logistics_shipments|logistics_shipment_sources|logistics_shipment_lines|logistics_milestones|logistics_assignments|logistics_events|logistics_partners|logistics_shipment_legs|logistics_custody_handoffs|logistics_shipment_partner_links|logistics_transport_details|logistics_documents|logistics_costs|logistics_payments|logistics_route_templates|logistics_route_template_stops|logistics_receiving_batches|logistics_receiving_lines|logistics_inventory_postings|logistics_cost_allocations|logistics_shortages|logistics_recoveries|logistics_recovery_lines|logistics_recovery_postings,remote path inert behind SERVER_CONTRACT_VERIFIED=false,ROOM_ATOMIC_UNIFIED_OUTBOX,sync_outbox,app/src/main/kotlin/com/verto/app/feature/shipment/bridge/LogisticsCashPostingAdapter.kt#postExpense,command/write identity or one-time UUID,trusted SessionReader / domain tenant,1,COMMAND,CANCEL_STATE_TRANSITION,stable request/batch identity,NONE,V2 server runtime remains OFF,N/A,MIGRATED_UNIFIED_OUTBOX,app/src/main/kotlin/com/verto/app/feature/shipment/bridge/LogisticsCashPostingAdapter.kt#postExpense
SHIPMENT,307,app/src/main/kotlin/com/verto/app/feature/shipment/bridge/LogisticsCashPostingAdapter.kt,postAdjustment,DOMAIN_COMMAND,LOCAL_MUTATION,logistics_shipments|logistics_shipment_sources|logistics_shipment_lines|logistics_milestones|logistics_assignments|logistics_events|logistics_partners|logistics_shipment_legs|logistics_custody_handoffs|logistics_shipment_partner_links|logistics_transport_details|logistics_documents|logistics_costs|logistics_payments|logistics_route_templates|logistics_route_template_stops|logistics_receiving_batches|logistics_receiving_lines|logistics_inventory_postings|logistics_cost_allocations|logistics_shortages|logistics_recoveries|logistics_recovery_lines|logistics_recovery_postings,COMMAND,logistics_shipments|logistics_shipment_sources|logistics_shipment_lines|logistics_milestones|logistics_assignments|logistics_events|logistics_partners|logistics_shipment_legs|logistics_custody_handoffs|logistics_shipment_partner_links|logistics_transport_details|logistics_documents|logistics_costs|logistics_payments|logistics_route_templates|logistics_route_template_stops|logistics_receiving_batches|logistics_receiving_lines|logistics_inventory_postings|logistics_cost_allocations|logistics_shortages|logistics_recoveries|logistics_recovery_lines|logistics_recovery_postings,remote path inert behind SERVER_CONTRACT_VERIFIED=false,ROOM_ATOMIC_UNIFIED_OUTBOX,sync_outbox,app/src/main/kotlin/com/verto/app/feature/shipment/bridge/LogisticsCashPostingAdapter.kt#postAdjustment,command/write identity or one-time UUID,trusted SessionReader / domain tenant,1,COMMAND,CANCEL_STATE_TRANSITION,stable request/batch identity,NONE,V2 server runtime remains OFF,N/A,MIGRATED_UNIFIED_OUTBOX,app/src/main/kotlin/com/verto/app/feature/shipment/bridge/LogisticsCashPostingAdapter.kt#postAdjustment
SHIPMENT,307,app/src/main/kotlin/com/verto/app/feature/shipment/bridge/LogisticsCashPostingAdapter.kt,reverseShipmentPayments,DOMAIN_COMMAND,LOCAL_MUTATION,logistics_shipments|logistics_shipment_sources|logistics_shipment_lines|logistics_milestones|logistics_assignments|logistics_events|logistics_partners|logistics_shipment_legs|logistics_custody_handoffs|logistics_shipment_partner_links|logistics_transport_details|logistics_documents|logistics_costs|logistics_payments|logistics_route_templates|logistics_route_template_stops|logistics_receiving_batches|logistics_receiving_lines|logistics_inventory_postings|logistics_cost_allocations|logistics_shortages|logistics_recoveries|logistics_recovery_lines|logistics_recovery_postings,COMMAND,logistics_shipments|logistics_shipment_sources|logistics_shipment_lines|logistics_milestones|logistics_assignments|logistics_events|logistics_partners|logistics_shipment_legs|logistics_custody_handoffs|logistics_shipment_partner_links|logistics_transport_details|logistics_documents|logistics_costs|logistics_payments|logistics_route_templates|logistics_route_template_stops|logistics_receiving_batches|logistics_receiving_lines|logistics_inventory_postings|logistics_cost_allocations|logistics_shortages|logistics_recoveries|logistics_recovery_lines|logistics_recovery_postings,remote path inert behind SERVER_CONTRACT_VERIFIED=false,ROOM_ATOMIC_UNIFIED_OUTBOX,sync_outbox,app/src/main/kotlin/com/verto/app/feature/shipment/bridge/LogisticsCashPostingAdapter.kt#reverseShipmentPayments,command/write identity or one-time UUID,trusted SessionReader / domain tenant,1,COMMAND,CANCEL_STATE_TRANSITION,stable request/batch identity,NONE,V2 server runtime remains OFF,N/A,MIGRATED_UNIFIED_OUTBOX,app/src/main/kotlin/com/verto/app/feature/shipment/bridge/LogisticsCashPostingAdapter.kt#reverseShipmentPayments
SHIPMENT,307,app/src/main/kotlin/com/verto/app/feature/shipment/bridge/LogisticsReceivingAdapters.kt,commitReceiving,DOMAIN_COMMAND,LOCAL_MUTATION,logistics_shipments|logistics_shipment_sources|logistics_shipment_lines|logistics_milestones|logistics_assignments|logistics_events|logistics_partners|logistics_shipment_legs|logistics_custody_handoffs|logistics_shipment_partner_links|logistics_transport_details|logistics_documents|logistics_costs|logistics_payments|logistics_route_templates|logistics_route_template_stops|logistics_receiving_batches|logistics_receiving_lines|logistics_inventory_postings|logistics_cost_allocations|logistics_shortages|logistics_recoveries|logistics_recovery_lines|logistics_recovery_postings,COMMAND,logistics_shipments|logistics_shipment_sources|logistics_shipment_lines|logistics_milestones|logistics_assignments|logistics_events|logistics_partners|logistics_shipment_legs|logistics_custody_handoffs|logistics_shipment_partner_links|logistics_transport_details|logistics_documents|logistics_costs|logistics_payments|logistics_route_templates|logistics_route_template_stops|logistics_receiving_batches|logistics_receiving_lines|logistics_inventory_postings|logistics_cost_allocations|logistics_shortages|logistics_recoveries|logistics_recovery_lines|logistics_recovery_postings,remote path inert behind SERVER_CONTRACT_VERIFIED=false,ROOM_ATOMIC_UNIFIED_OUTBOX,sync_outbox,app/src/main/kotlin/com/verto/app/feature/shipment/bridge/LogisticsReceivingAdapters.kt#commitReceiving,command/write identity or one-time UUID,trusted SessionReader / domain tenant,1,COMMAND,CANCEL_STATE_TRANSITION,stable request/batch identity,NONE,V2 server runtime remains OFF,N/A,MIGRATED_UNIFIED_OUTBOX,app/src/main/kotlin/com/verto/app/feature/shipment/bridge/LogisticsReceivingAdapters.kt#commitReceiving
SHIPMENT,307,app/src/main/kotlin/com/verto/app/feature/shipment/bridge/LogisticsV2AppAdapters.kt,bindInvoiceLine,DOMAIN_COMMAND,LOCAL_MUTATION,logistics_shipments|logistics_shipment_sources|logistics_shipment_lines|logistics_milestones|logistics_assignments|logistics_events|logistics_partners|logistics_shipment_legs|logistics_custody_handoffs|logistics_shipment_partner_links|logistics_transport_details|logistics_documents|logistics_costs|logistics_payments|logistics_route_templates|logistics_route_template_stops|logistics_receiving_batches|logistics_receiving_lines|logistics_inventory_postings|logistics_cost_allocations|logistics_shortages|logistics_recoveries|logistics_recovery_lines|logistics_recovery_postings,COMMAND,logistics_shipments|logistics_shipment_sources|logistics_shipment_lines|logistics_milestones|logistics_assignments|logistics_events|logistics_partners|logistics_shipment_legs|logistics_custody_handoffs|logistics_shipment_partner_links|logistics_transport_details|logistics_documents|logistics_costs|logistics_payments|logistics_route_templates|logistics_route_template_stops|logistics_receiving_batches|logistics_receiving_lines|logistics_inventory_postings|logistics_cost_allocations|logistics_shortages|logistics_recoveries|logistics_recovery_lines|logistics_recovery_postings,remote path inert behind SERVER_CONTRACT_VERIFIED=false,ROOM_ATOMIC_UNIFIED_OUTBOX,sync_outbox,app/src/main/kotlin/com/verto/app/feature/shipment/bridge/LogisticsV2AppAdapters.kt#bindInvoiceLine,command/write identity or one-time UUID,trusted SessionReader / domain tenant,1,COMMAND,CANCEL_STATE_TRANSITION,stable request/batch identity,NONE,V2 server runtime remains OFF,N/A,MIGRATED_UNIFIED_OUTBOX,app/src/main/kotlin/com/verto/app/feature/shipment/bridge/LogisticsV2AppAdapters.kt#bindInvoiceLine
SHIPMENT,307,app/src/main/kotlin/com/verto/app/feature/shipment/bridge/LogisticsV2AppAdapters.kt,createZeroStockAndBind,DOMAIN_COMMAND,LOCAL_MUTATION,logistics_shipments|logistics_shipment_sources|logistics_shipment_lines|logistics_milestones|logistics_assignments|logistics_events|logistics_partners|logistics_shipment_legs|logistics_custody_handoffs|logistics_shipment_partner_links|logistics_transport_details|logistics_documents|logistics_costs|logistics_payments|logistics_route_templates|logistics_route_template_stops|logistics_receiving_batches|logistics_receiving_lines|logistics_inventory_postings|logistics_cost_allocations|logistics_shortages|logistics_recoveries|logistics_recovery_lines|logistics_recovery_postings,COMMAND,logistics_shipments|logistics_shipment_sources|logistics_shipment_lines|logistics_milestones|logistics_assignments|logistics_events|logistics_partners|logistics_shipment_legs|logistics_custody_handoffs|logistics_shipment_partner_links|logistics_transport_details|logistics_documents|logistics_costs|logistics_payments|logistics_route_templates|logistics_route_template_stops|logistics_receiving_batches|logistics_receiving_lines|logistics_inventory_postings|logistics_cost_allocations|logistics_shortages|logistics_recoveries|logistics_recovery_lines|logistics_recovery_postings,remote path inert behind SERVER_CONTRACT_VERIFIED=false,ROOM_ATOMIC_UNIFIED_OUTBOX,sync_outbox,app/src/main/kotlin/com/verto/app/feature/shipment/bridge/LogisticsV2AppAdapters.kt#createZeroStockAndBind,command/write identity or one-time UUID,trusted SessionReader / domain tenant,1,COMMAND,CANCEL_STATE_TRANSITION,stable request/batch identity,NONE,V2 server runtime remains OFF,N/A,MIGRATED_UNIFIED_OUTBOX,app/src/main/kotlin/com/verto/app/feature/shipment/bridge/LogisticsV2AppAdapters.kt#createZeroStockAndBind
EXPENSE,310,data/operations/src/main/kotlin/com/verto/app/data/repository/ExpenseRepository.kt,insertExpense,DOMAIN_COMMAND,LOCAL_MUTATION,expenses,UPSERT,expenses,isDirty + DataStore deletion queue,ROOM_ATOMIC_UNIFIED_OUTBOX,sync_outbox,data/operations/src/main/kotlin/com/verto/app/data/repository/ExpenseRepository.kt#insertExpense,command/write identity or one-time UUID,trusted SessionReader / domain tenant,1,UPSERT,VOID_OR_REVERSE,NONE,NONE,NONE,N/A,MIGRATED_UNIFIED_OUTBOX,data/operations/src/main/kotlin/com/verto/app/data/repository/ExpenseRepository.kt#insertExpense
EXPENSE,310,data/operations/src/main/kotlin/com/verto/app/data/repository/ExpenseRepository.kt,updateExpense,DOMAIN_COMMAND,LOCAL_MUTATION,expenses,UPSERT,expenses,isDirty + DataStore deletion queue,ROOM_ATOMIC_UNIFIED_OUTBOX,sync_outbox,data/operations/src/main/kotlin/com/verto/app/data/repository/ExpenseRepository.kt#updateExpense,command/write identity or one-time UUID,trusted SessionReader / domain tenant,1,UPSERT,VOID_OR_REVERSE,NONE,NONE,NONE,N/A,MIGRATED_UNIFIED_OUTBOX,data/operations/src/main/kotlin/com/verto/app/data/repository/ExpenseRepository.kt#updateExpense
EXPENSE,310,data/operations/src/main/kotlin/com/verto/app/data/repository/ExpenseRepository.kt,deleteExpense,DOMAIN_COMMAND,LOCAL_MUTATION,expenses,VOID,expenses,isDirty + DataStore deletion queue,ROOM_ATOMIC_UNIFIED_OUTBOX,sync_outbox,data/operations/src/main/kotlin/com/verto/app/data/repository/ExpenseRepository.kt#deleteExpense,command/write identity or one-time UUID,trusted SessionReader / domain tenant,1,VOID,VOID_OR_REVERSE,NONE,NONE,pendingExpenseDeletion compatibility after commit,N/A,MIGRATED_UNIFIED_OUTBOX,data/operations/src/main/kotlin/com/verto/app/data/repository/ExpenseRepository.kt#deleteExpense
CASH_RECONCILIATION,310,data/operations/src/main/kotlin/com/verto/app/data/repository/CashReconciliationRepository.kt,startSession,DOMAIN_COMMAND,LOCAL_MUTATION,cash_reconciliation_sessions|cash_denominations,COMMAND,cash_reconciliation_sessions|cash_denominations,legacy direct/snapshot sync,ROOM_ATOMIC_UNIFIED_OUTBOX,sync_outbox,data/operations/src/main/kotlin/com/verto/app/data/repository/CashReconciliationRepository.kt#startSession,command/write identity or one-time UUID,trusted SessionReader / domain tenant,1,COMMAND,NO_CLIENT_DELETE,NONE,NONE,server integration remains owner 310,N/A,MIGRATED_UNIFIED_OUTBOX,data/operations/src/main/kotlin/com/verto/app/data/repository/CashReconciliationRepository.kt#startSession
CASH_RECONCILIATION,310,data/operations/src/main/kotlin/com/verto/app/data/repository/CashReconciliationRepository.kt,closeSession,DOMAIN_COMMAND,LOCAL_MUTATION,cash_reconciliation_sessions|cash_denominations,COMMAND,cash_reconciliation_sessions|cash_denominations,legacy direct/snapshot sync,ROOM_ATOMIC_UNIFIED_OUTBOX,sync_outbox,data/operations/src/main/kotlin/com/verto/app/data/repository/CashReconciliationRepository.kt#closeSession,command/write identity or one-time UUID,trusted SessionReader / domain tenant,1,COMMAND,NO_CLIENT_DELETE,NONE,NONE,server integration remains owner 310,N/A,MIGRATED_UNIFIED_OUTBOX,data/operations/src/main/kotlin/com/verto/app/data/repository/CashReconciliationRepository.kt#closeSession
CASH_RECONCILIATION,310,data/operations/src/main/kotlin/com/verto/app/data/repository/CashReconciliationRepository.kt,updateSession,DOMAIN_COMMAND,LOCAL_MUTATION,cash_reconciliation_sessions|cash_denominations,UPSERT,cash_reconciliation_sessions|cash_denominations,legacy direct/snapshot sync,ROOM_ATOMIC_UNIFIED_OUTBOX,sync_outbox,data/operations/src/main/kotlin/com/verto/app/data/repository/CashReconciliationRepository.kt#updateSession,command/write identity or one-time UUID,trusted SessionReader / domain tenant,1,UPSERT,NO_CLIENT_DELETE,NONE,NONE,server integration remains owner 310,N/A,MIGRATED_UNIFIED_OUTBOX,data/operations/src/main/kotlin/com/verto/app/data/repository/CashReconciliationRepository.kt#updateSession
CASH_MOVEMENT,310,app/src/main/kotlin/com/verto/app/feature/expenses/bridge/ExpensesOperationsAdapter.kt,adjustCash,DOMAIN_COMMAND,LOCAL_MUTATION,cash_register_movements,COMMAND,cash_register_movements,legacy direct/snapshot sync,ROOM_ATOMIC_UNIFIED_OUTBOX,sync_outbox,app/src/main/kotlin/com/verto/app/feature/expenses/bridge/ExpensesOperationsAdapter.kt#adjustCash,command/write identity or one-time UUID,trusted SessionReader / domain tenant,1,COMMAND,NO_CLIENT_DELETE,shared manual-cash batch,NONE,NONE,N/A,MIGRATED_UNIFIED_OUTBOX,app/src/main/kotlin/com/verto/app/feature/expenses/bridge/ExpensesOperationsAdapter.kt#adjustCash
CASH_REGISTER,310,app/src/main/kotlin/com/verto/app/feature/expenses/bridge/ExpensesOperationsAdapter.kt,adjustCash,DOMAIN_COMMAND,LOCAL_MUTATION,cash_register,COMMAND,cash_register,legacy direct/snapshot sync,ROOM_ATOMIC_UNIFIED_OUTBOX,sync_outbox,app/src/main/kotlin/com/verto/app/feature/expenses/bridge/ExpensesOperationsAdapter.kt#adjustCash,command/write identity or one-time UUID,trusted SessionReader / domain tenant,1,COMMAND,NO_CLIENT_DELETE,shared manual-cash batch,NONE,NONE,N/A,MIGRATED_UNIFIED_OUTBOX,app/src/main/kotlin/com/verto/app/feature/expenses/bridge/ExpensesOperationsAdapter.kt#adjustCash
INVENTORY_ITEM,307,app/src/main/kotlin/com/verto/app/feature/expenses/bridge/ExpensesOperationsAdapter.kt,distributeLandedCost,DOMAIN_COMMAND,LOCAL_MUTATION,inventory_items,UPSERT,inventory_items|archive_inventory_item_v2,isDirty/archive + DataStore deletion queue,ROOM_ATOMIC_UNIFIED_OUTBOX,sync_outbox,app/src/main/kotlin/com/verto/app/feature/expenses/bridge/ExpensesOperationsAdapter.kt#distributeLandedCost,command/write identity or one-time UUID,trusted SessionReader / domain tenant,1,UPSERT,ARCHIVE,expenseId+invoiceId landed-cost batch,NONE,NONE,N/A,MIGRATED_UNIFIED_OUTBOX,app/src/main/kotlin/com/verto/app/feature/expenses/bridge/ExpensesOperationsAdapter.kt#distributeLandedCost
INVENTORY_MOVEMENT,310,app/src/main/kotlin/com/verto/app/feature/expenses/bridge/ExpensesOperationsAdapter.kt,distributeLandedCost,DOMAIN_COMMAND,LOCAL_MUTATION,inventory_movements|inventory_stock_outbox,COMMAND,inventory_apply_commands_v2|inventory_pull_movements_v2|inventory_prepare_reconciliation_batch_v2,inventory_stock_outbox + revision cursor,ROOM_ATOMIC_UNIFIED_OUTBOX,sync_outbox,app/src/main/kotlin/com/verto/app/feature/expenses/bridge/ExpensesOperationsAdapter.kt#distributeLandedCost,command/write identity or one-time UUID,trusted SessionReader / domain tenant,1,COMMAND,NO_CLIENT_DELETE,expenseId+invoiceId landed-cost batch,NONE,server integration remains owner 310,N/A,MIGRATED_UNIFIED_OUTBOX,app/src/main/kotlin/com/verto/app/feature/expenses/bridge/ExpensesOperationsAdapter.kt#distributeLandedCost
INVOICE,310,data/operations/src/main/kotlin/com/verto/app/data/operations/invoice/DefaultInvoiceAtomicPersistenceCoordinator.kt,persist,DOMAIN_COMMAND,LOCAL_MUTATION,invoices|invoice_items|financial_outbox|financial_inbox,COMMAND,invoices|invoice_items|financial_sync_apply_event_v1|financial_sync_pull_events_v1,financial_outbox/financial_inbox + legacy dirty invoice path,invoice owner Room transaction + FinancialOutboxWriter,financial_outbox,data/operations/src/main/kotlin/com/verto/app/data/operations/invoice/DefaultInvoiceAtomicPersistenceCoordinator.kt#persist,invoice writeId,trusted SessionReader / domain tenant,1,COMMAND,VOID_OR_REVERSE,NONE,NONE,NONE,N/A,PRESERVED_STRONGER_OUTBOX,data/operations/src/main/kotlin/com/verto/app/data/operations/invoice/DefaultInvoiceAtomicPersistenceCoordinator.kt#persist
INVOICE,310,data/operations/src/main/kotlin/com/verto/app/data/operations/invoice/DefaultInvoiceAtomicPersistenceCoordinator.kt,persistVoid,DOMAIN_COMMAND,LOCAL_MUTATION,invoices|invoice_items|financial_outbox|financial_inbox,VOID,invoices|invoice_items|financial_sync_apply_event_v1|financial_sync_pull_events_v1,financial_outbox/financial_inbox + legacy dirty invoice path,void owner Room transaction + FinancialOutboxWriter,financial_outbox,data/operations/src/main/kotlin/com/verto/app/data/operations/invoice/DefaultInvoiceAtomicPersistenceCoordinator.kt#persistVoid,void writeId,trusted SessionReader / domain tenant,1,VOID,VOID_OR_REVERSE,NONE,NONE,NONE,N/A,PRESERVED_STRONGER_OUTBOX,data/operations/src/main/kotlin/com/verto/app/data/operations/invoice/DefaultInvoiceAtomicPersistenceCoordinator.kt#persistVoid
PAYMENT,310,data/operations/src/main/kotlin/com/verto/app/data/operations/payment/DefaultPaymentAtomicPersistenceCoordinator.kt,persist,DOMAIN_COMMAND,LOCAL_MUTATION,payments|payment_allocations|realized_fx_events|financial_outbox|financial_inbox,COMMAND,payments|payment_allocations|realized_fx_events|financial_sync_apply_event_v1,financial_outbox/financial_inbox + legacy payment path,payment owner Room transaction + FinancialOutboxWriter,financial_outbox,data/operations/src/main/kotlin/com/verto/app/data/operations/payment/DefaultPaymentAtomicPersistenceCoordinator.kt#persist,payment writeId,trusted SessionReader / domain tenant,1,COMMAND,VOID_OR_REVERSE,NONE,NONE,NONE,N/A,PRESERVED_STRONGER_OUTBOX,data/operations/src/main/kotlin/com/verto/app/data/operations/payment/DefaultPaymentAtomicPersistenceCoordinator.kt#persist
INVOICE,310,app/src/main/kotlin/com/verto/app/feature/invoice/bridge/InvoicePresentationBridge.kt,updateCommission,DOMAIN_COMMAND,LOCAL_MUTATION,invoices|invoice_items|financial_outbox|financial_inbox,UPSERT,invoices|invoice_items|financial_sync_apply_event_v1|financial_sync_pull_events_v1,financial_outbox/financial_inbox + legacy dirty invoice path,ROOM_ATOMIC_UNIFIED_OUTBOX,sync_outbox,app/src/main/kotlin/com/verto/app/feature/invoice/bridge/InvoicePresentationBridge.kt#updateCommission,command/write identity or one-time UUID,trusted SessionReader / domain tenant,1,UPSERT,VOID_OR_REVERSE,NONE,NONE,draft-only field; posted mutation blocked by DAO,N/A,MIGRATED_UNIFIED_OUTBOX,app/src/main/kotlin/com/verto/app/feature/invoice/bridge/InvoicePresentationBridge.kt#updateCommission
INVOICE,310,data/operations/src/main/kotlin/com/verto/app/data/repository/InvoiceRepository.kt,deleteInvoiceById,DOMAIN_COMMAND,LOCAL_MUTATION,invoices|invoice_items|financial_outbox|financial_inbox,COMMAND,invoices|invoice_items|financial_sync_apply_event_v1|financial_sync_pull_events_v1,financial_outbox/financial_inbox + legacy dirty invoice path,ROOM_ATOMIC_UNIFIED_OUTBOX,sync_outbox,data/operations/src/main/kotlin/com/verto/app/data/repository/InvoiceRepository.kt#deleteInvoiceById,command/write identity or one-time UUID,trusted SessionReader / domain tenant,1,COMMAND,VOID_OR_REVERSE,NONE,NONE,pendingInvoiceDeletion AFTER durable commit; posted hard delete blocked,N/A,MIGRATED_UNIFIED_OUTBOX,data/operations/src/main/kotlin/com/verto/app/data/repository/InvoiceRepository.kt#deleteInvoiceById
CLIENT_CREDIT,310,app/src/main/kotlin/com/verto/app/feature/payment/bridge/PaymentAppAdapters.kt,RoomAdvanceCreditAdapter,DOMAIN_COMMAND,LOCAL_MUTATION,client_credits,COMMAND,client_credits,isDirty snapshot,ROOM_ATOMIC_UNIFIED_OUTBOX,sync_outbox,feature/payment/src/main/kotlin/com/verto/app/feature/payment/application/BulkPaymentCoordinator.kt#allocate,credit.id,trusted SessionReader / domain tenant,1,COMMAND,NO_CLIENT_DELETE,bulk payment transaction owner,NONE,NONE,N/A,MIGRATED_UNIFIED_OUTBOX,app/src/main/kotlin/com/verto/app/feature/payment/bridge/PaymentAppAdapters.kt#RoomAdvanceCreditAdapter; feature/payment/src/main/kotlin/com/verto/app/feature/payment/application/BulkPaymentCoordinator.kt#allocate transaction.inTransaction
CLIENT_CREDIT,310,app/src/main/kotlin/com/verto/app/feature/invoice/bridge/InvoiceReturnAppAdapters.kt,RoomInvoiceReturnCreditAdapter,DOMAIN_COMMAND,LOCAL_MUTATION,client_credits,COMMAND,client_credits,isDirty snapshot,invoice return aggregate + financial outbox is exact stronger command,financial_outbox,feature/invoice/src/main/kotlin/com/verto/app/feature/invoice/application/InvoiceReturnCoordinator.kt#create,return writeId,trusted SessionReader / domain tenant,1,COMMAND,NO_CLIENT_DELETE,NONE,NONE,NONE,N/A,PRESERVED_STRONGER_OUTBOX,app/src/main/kotlin/com/verto/app/feature/invoice/bridge/InvoiceReturnAppAdapters.kt#RoomInvoiceReturnCreditAdapter
COMMISSION_PAYMENT,310,data/network/src/main/kotlin/com/verto/app/data/sync/SyncMisc.kt,pullCommissions,SERVER_DERIVED_PULL,REMOTE_APPLY,commission_payments,UPSERT,commission_payments,legacy direct/snapshot sync,NO_ENQUEUE_REMOTE_APPLY,NONE,data/network/src/main/kotlin/com/verto/app/data/sync/SyncMisc.kt#pullCommissions,command/write identity or one-time UUID,server scoped organization,1,UPSERT,NO_CLIENT_DELETE,NONE,NONE,NONE,NO_CLIENT_DELETE; UI delete is fail-closed,REMOTE_APPLY_NO_ENQUEUE,data/network/src/main/kotlin/com/verto/app/data/sync/SyncMisc.kt#pullCommissions
NOTIFICATION,308,data/network/src/main/kotlin/com/verto/app/data/sync/SyncNotifications.kt,pullNotifications,READ_ONLY_PULL,REMOTE_APPLY,notification cache / server-owned,UPSERT,get_my_notifications_cache,legacy direct/snapshot sync,NO_ENQUEUE_REMOTE_APPLY,NONE,data/network/src/main/kotlin/com/verto/app/data/sync/SyncNotifications.kt#pullNotifications,command/write identity or one-time UUID,server scoped organization,1,UPSERT,SERVER_OWNED,NONE,NONE,NONE,server-owned notification pull only,REMOTE_APPLY_NO_ENQUEUE,data/network/src/main/kotlin/com/verto/app/data/sync/SyncNotifications.kt#pullNotifications
OPTIMAL_VEHICLE,310,feature/integration/optimal/src/main/kotlin/com/verto/app/feature/integration/optimal/application/OptimalOutboxSyncParticipant.kt,OptimalOutboxSyncParticipant.syncOrganization,DOMAIN_COMMAND,LOCAL_MUTATION,optimal_vehicles|optimal_outbox,COMMAND,optimal_sync_change_log|optimal_apply_sync_operation_v2|optimal_pull_sync_changes,optimal_outbox bridge / server reference,existing Optimal durable outbox/lease/idempotency guard,optimal_outbox,feature/integration/optimal/src/main/kotlin/com/verto/app/feature/integration/optimal/application/OptimalOutboxSyncParticipant.kt#OptimalOutboxSyncParticipant.syncOrganization,optimal operation id,trusted SessionReader / domain tenant,1,COMMAND,SERVER_OWNED,NONE,NONE,NONE,N/A,PRESERVED_STRONGER_OUTBOX,feature/integration/optimal/src/main/kotlin/com/verto/app/feature/integration/optimal/application/OptimalOutboxSyncParticipant.kt#OptimalOutboxSyncParticipant.syncOrganization
OPTIMAL_MAINTENANCE,310,feature/integration/optimal/src/main/kotlin/com/verto/app/feature/integration/optimal/data/ContractGuardedOptimalOutboxEventExecutor.kt,MAINTENANCE_UPSERTED|execute,DOMAIN_COMMAND,LOCAL_MUTATION,optimal_maintenance_records|optimal_maintenance_images|optimal_outbox,COMMAND,optimal_sync_change_log|optimal_apply_sync_operation_v2|optimal_pull_sync_changes,optimal_outbox durable lease/idempotency guard,existing Optimal durable outbox/lease/idempotency guard,optimal_outbox,feature/integration/optimal/src/main/kotlin/com/verto/app/feature/integration/optimal/data/ContractGuardedOptimalOutboxEventExecutor.kt#MAINTENANCE_UPSERTED|execute,optimal operation id,trusted SessionReader / domain tenant,1,COMMAND,NO_CLIENT_DELETE,NONE,NONE,NONE,N/A,PRESERVED_STRONGER_OUTBOX,feature/integration/optimal/src/main/kotlin/com/verto/app/feature/integration/optimal/data/ContractGuardedOptimalOutboxEventExecutor.kt#MAINTENANCE_UPSERTED|execute
OPTIMAL_FOLLOW_UP,310,feature/integration/optimal/src/main/kotlin/com/verto/app/feature/integration/optimal/application/OptimalOutboxSyncParticipant.kt,OptimalOutboxSyncParticipant.syncOrganization,DOMAIN_COMMAND,LOCAL_MUTATION,optimal_maintenance_follow_ups|optimal_outbox,COMMAND,optimal_sync_change_log|optimal_apply_sync_operation_v2|optimal_pull_sync_changes,optimal_outbox bridge / server reference,existing Optimal durable outbox/lease/idempotency guard,optimal_outbox,feature/integration/optimal/src/main/kotlin/com/verto/app/feature/integration/optimal/application/OptimalOutboxSyncParticipant.kt#OptimalOutboxSyncParticipant.syncOrganization,optimal operation id,trusted SessionReader / domain tenant,1,COMMAND,NO_CLIENT_DELETE,NONE,NONE,NONE,N/A,PRESERVED_STRONGER_OUTBOX,feature/integration/optimal/src/main/kotlin/com/verto/app/feature/integration/optimal/application/OptimalOutboxSyncParticipant.kt#OptimalOutboxSyncParticipant.syncOrganization
COST_ALLOCATION,310,data/network/src/main/kotlin/com/verto/app/data/sync/SyncCash.kt,pullCostAllocations,REMOTE_PULL_APPLY,REMOTE_APPLY,cost_allocations,UPSERT_REMOTE,cost_allocations,server pull applies local rows,remote apply remains no-enqueue; dormant local repository API is exact-excluded,NONE,data/network/src/main/kotlin/com/verto/app/data/sync/SyncCash.kt#pullCostAllocations,N/A,sync context organizationId,1,UPSERT,NO_CLIENT_DELETE,NONE,NONE,LEGACY_PULL_ONLY,explicit remote apply; unified enqueue forbidden,REMOTE_APPLY_NO_ENQUEUE,data/network/src/main/kotlin/com/verto/app/data/sync/SyncCash.kt#pullCostAllocations
PARTY_IDENTITY,307,app/src/main/kotlin/com/verto/app/data/backup/BackupManager.kt,restoreBackupData,IMPORT_TO_SYNC,LOCAL_MUTATION,clients,UPSERT,clients|verto_upsert_client_v1,party_sync_outbox + Party contract v2; legacy clients participant coexists,ROOM_ATOMIC_UNIFIED_OUTBOX,sync_outbox,app/src/main/kotlin/com/verto/app/data/backup/BackupManager.kt#restoreBackupData,deterministic SHA-256-derived UUID from restore batch+aggregate+id,trusted SessionReader / domain tenant,2,UPSERT,TOMBSTONE,deterministic backup checksum restore batch,NONE,clearAllData is device-local preparation; imported rows are captured,N/A,MIGRATED_UNIFIED_OUTBOX,app/src/main/kotlin/com/verto/app/data/backup/BackupManager.kt#restoreBackupData
INVOICE,310,app/src/main/kotlin/com/verto/app/data/backup/BackupManager.kt,restoreBackupData,IMPORT_TO_SYNC,LOCAL_MUTATION,invoices|invoice_items|financial_outbox|financial_inbox,UPSERT,invoices|invoice_items|financial_sync_apply_event_v1|financial_sync_pull_events_v1,financial_outbox/financial_inbox + legacy dirty invoice path,ROOM_ATOMIC_UNIFIED_OUTBOX,sync_outbox,app/src/main/kotlin/com/verto/app/data/backup/BackupManager.kt#restoreBackupData,deterministic SHA-256-derived UUID from restore batch+aggregate+id,trusted SessionReader / domain tenant,1,UPSERT,VOID_OR_REVERSE,deterministic backup checksum restore batch,NONE,clearAllData is device-local preparation; imported rows are captured,N/A,MIGRATED_UNIFIED_OUTBOX,app/src/main/kotlin/com/verto/app/data/backup/BackupManager.kt#restoreBackupData
PAYMENT,310,app/src/main/kotlin/com/verto/app/data/backup/BackupManager.kt,restoreBackupData,IMPORT_TO_SYNC,LOCAL_MUTATION,payments|payment_allocations|realized_fx_events|financial_outbox|financial_inbox,UPSERT,payments|payment_allocations|realized_fx_events|financial_sync_apply_event_v1,financial_outbox/financial_inbox + legacy payment path,ROOM_ATOMIC_UNIFIED_OUTBOX,sync_outbox,app/src/main/kotlin/com/verto/app/data/backup/BackupManager.kt#restoreBackupData,deterministic SHA-256-derived UUID from restore batch+aggregate+id,trusted SessionReader / domain tenant,1,UPSERT,VOID_OR_REVERSE,deterministic backup checksum restore batch,NONE,clearAllData is device-local preparation; imported rows are captured,N/A,MIGRATED_UNIFIED_OUTBOX,app/src/main/kotlin/com/verto/app/data/backup/BackupManager.kt#restoreBackupData
EXPENSE,310,app/src/main/kotlin/com/verto/app/data/backup/BackupManager.kt,restoreBackupData,IMPORT_TO_SYNC,LOCAL_MUTATION,expenses,UPSERT,expenses,isDirty + DataStore deletion queue,ROOM_ATOMIC_UNIFIED_OUTBOX,sync_outbox,app/src/main/kotlin/com/verto/app/data/backup/BackupManager.kt#restoreBackupData,deterministic SHA-256-derived UUID from restore batch+aggregate+id,trusted SessionReader / domain tenant,1,UPSERT,VOID_OR_REVERSE,deterministic backup checksum restore batch,NONE,clearAllData is device-local preparation; imported rows are captured,N/A,MIGRATED_UNIFIED_OUTBOX,app/src/main/kotlin/com/verto/app/data/backup/BackupManager.kt#restoreBackupData
NOTE,307,app/src/main/kotlin/com/verto/app/data/backup/BackupManager.kt,restoreBackupData,IMPORT_TO_SYNC,LOCAL_MUTATION,notes,UPSERT,notes,legacy direct/snapshot sync,ROOM_ATOMIC_UNIFIED_OUTBOX,sync_outbox,app/src/main/kotlin/com/verto/app/data/backup/BackupManager.kt#restoreBackupData,deterministic SHA-256-derived UUID from restore batch+aggregate+id,trusted SessionReader / domain tenant,1,UPSERT,VERSIONED_DELETE,deterministic backup checksum restore batch,NONE,clearAllData is device-local preparation; imported rows are captured,N/A,MIGRATED_UNIFIED_OUTBOX,app/src/main/kotlin/com/verto/app/data/backup/BackupManager.kt#restoreBackupData
REMINDER,307,app/src/main/kotlin/com/verto/app/data/backup/BackupManager.kt,restoreBackupData,IMPORT_TO_SYNC,LOCAL_MUTATION,client_reminders,UPSERT,client_reminders,legacy direct/snapshot sync,ROOM_ATOMIC_UNIFIED_OUTBOX,sync_outbox,app/src/main/kotlin/com/verto/app/data/backup/BackupManager.kt#restoreBackupData,deterministic SHA-256-derived UUID from restore batch+aggregate+id,trusted SessionReader / domain tenant,1,UPSERT,VERSIONED_DELETE,deterministic backup checksum restore batch,NONE,clearAllData is device-local preparation; imported rows are captured,N/A,MIGRATED_UNIFIED_OUTBOX,app/src/main/kotlin/com/verto/app/data/backup/BackupManager.kt#restoreBackupData
INVENTORY_ITEM,307,app/src/main/kotlin/com/verto/app/data/backup/BackupManager.kt,restoreBackupData,IMPORT_TO_SYNC,LOCAL_MUTATION,inventory_items,UPSERT,inventory_items|archive_inventory_item_v2,isDirty/archive + DataStore deletion queue,ROOM_ATOMIC_UNIFIED_OUTBOX,sync_outbox,app/src/main/kotlin/com/verto/app/data/backup/BackupManager.kt#restoreBackupData,deterministic SHA-256-derived UUID from restore batch+aggregate+id,trusted SessionReader / domain tenant,1,UPSERT,ARCHIVE,deterministic backup checksum restore batch,NONE,clearAllData is device-local preparation; imported rows are captured,N/A,MIGRATED_UNIFIED_OUTBOX,app/src/main/kotlin/com/verto/app/data/backup/BackupManager.kt#restoreBackupData
INVENTORY_MOVEMENT,310,app/src/main/kotlin/com/verto/app/data/backup/BackupManager.kt,restoreBackupData,IMPORT_TO_SYNC,LOCAL_MUTATION,inventory_movements|inventory_stock_outbox,UPSERT,inventory_apply_commands_v2|inventory_pull_movements_v2|inventory_prepare_reconciliation_batch_v2,inventory_stock_outbox + revision cursor,ROOM_ATOMIC_UNIFIED_OUTBOX,sync_outbox,app/src/main/kotlin/com/verto/app/data/backup/BackupManager.kt#restoreBackupData,deterministic SHA-256-derived UUID from restore batch+aggregate+id,trusted SessionReader / domain tenant,1,UPSERT,NO_CLIENT_DELETE,deterministic backup checksum restore batch,NONE,clearAllData is device-local preparation; imported rows are captured,N/A,MIGRATED_UNIFIED_OUTBOX,app/src/main/kotlin/com/verto/app/data/backup/BackupManager.kt#restoreBackupData
INVENTORY_UNIT,307,app/src/main/kotlin/com/verto/app/data/backup/BackupManager.kt,restoreBackupData,IMPORT_TO_SYNC,LOCAL_MUTATION,inventory_units,UPSERT,inventory_units,full snapshot + DataStore deletion queue,ROOM_ATOMIC_UNIFIED_OUTBOX,sync_outbox,app/src/main/kotlin/com/verto/app/data/backup/BackupManager.kt#restoreBackupData,deterministic SHA-256-derived UUID from restore batch+aggregate+id,trusted SessionReader / domain tenant,1,UPSERT,VERSIONED_DELETE,deterministic backup checksum restore batch,NONE,clearAllData is device-local preparation; imported rows are captured,N/A,MIGRATED_UNIFIED_OUTBOX,app/src/main/kotlin/com/verto/app/data/backup/BackupManager.kt#restoreBackupData
CATEGORY,307,app/src/main/kotlin/com/verto/app/data/backup/BackupManager.kt,restoreBackupData,IMPORT_TO_SYNC,LOCAL_MUTATION,categories,UPSERT,categories,full snapshot + DataStore deletion queue,ROOM_ATOMIC_UNIFIED_OUTBOX,sync_outbox,app/src/main/kotlin/com/verto/app/data/backup/BackupManager.kt#restoreBackupData,deterministic SHA-256-derived UUID from restore batch+aggregate+id,trusted SessionReader / domain tenant,1,UPSERT,VERSIONED_DELETE,deterministic backup checksum restore batch,NONE,clearAllData is device-local preparation; imported rows are captured,N/A,MIGRATED_UNIFIED_OUTBOX,app/src/main/kotlin/com/verto/app/data/backup/BackupManager.kt#restoreBackupData
ITEM_CATEGORY,307,app/src/main/kotlin/com/verto/app/data/backup/BackupManager.kt,restoreBackupData,IMPORT_TO_SYNC,LOCAL_MUTATION,item_categories,UPSERT,item_categories,legacy direct/snapshot sync,ROOM_ATOMIC_UNIFIED_OUTBOX,sync_outbox,app/src/main/kotlin/com/verto/app/data/backup/BackupManager.kt#restoreBackupData,deterministic SHA-256-derived UUID from restore batch+aggregate+id,trusted SessionReader / domain tenant,1,UPSERT,VERSIONED_DELETE,deterministic backup checksum restore batch,NONE,clearAllData is device-local preparation; imported rows are captured,N/A,MIGRATED_UNIFIED_OUTBOX,app/src/main/kotlin/com/verto/app/data/backup/BackupManager.kt#restoreBackupData
PRICE_LIST,307,app/src/main/kotlin/com/verto/app/data/backup/BackupManager.kt,restoreBackupData,IMPORT_TO_SYNC,LOCAL_MUTATION,price_list_header|price_list_items,UPSERT,price_list_header|price_list_items,full snapshot + DataStore deletion queue,ROOM_ATOMIC_UNIFIED_OUTBOX,sync_outbox,app/src/main/kotlin/com/verto/app/data/backup/BackupManager.kt#restoreBackupData,deterministic SHA-256-derived UUID from restore batch+aggregate+id,trusted SessionReader / domain tenant,1,UPSERT,VERSIONED_DELETE,deterministic backup checksum restore batch,NONE,clearAllData is device-local preparation; imported rows are captured,N/A,MIGRATED_UNIFIED_OUTBOX,app/src/main/kotlin/com/verto/app/data/backup/BackupManager.kt#restoreBackupData
CASH_REGISTER,310,app/src/main/kotlin/com/verto/app/data/backup/BackupManager.kt,restoreBackupData,IMPORT_TO_SYNC,LOCAL_MUTATION,cash_register,UPSERT,cash_register,legacy direct/snapshot sync,ROOM_ATOMIC_UNIFIED_OUTBOX,sync_outbox,app/src/main/kotlin/com/verto/app/data/backup/BackupManager.kt#restoreBackupData,deterministic SHA-256-derived UUID from restore batch+aggregate+id,trusted SessionReader / domain tenant,1,UPSERT,NO_CLIENT_DELETE,deterministic backup checksum restore batch,NONE,clearAllData is device-local preparation; imported rows are captured,N/A,MIGRATED_UNIFIED_OUTBOX,app/src/main/kotlin/com/verto/app/data/backup/BackupManager.kt#restoreBackupData
CASH_MOVEMENT,310,app/src/main/kotlin/com/verto/app/data/backup/BackupManager.kt,restoreBackupData,IMPORT_TO_SYNC,LOCAL_MUTATION,cash_register_movements,UPSERT,cash_register_movements,legacy direct/snapshot sync,ROOM_ATOMIC_UNIFIED_OUTBOX,sync_outbox,app/src/main/kotlin/com/verto/app/data/backup/BackupManager.kt#restoreBackupData,deterministic SHA-256-derived UUID from restore batch+aggregate+id,trusted SessionReader / domain tenant,1,UPSERT,NO_CLIENT_DELETE,deterministic backup checksum restore batch,NONE,clearAllData is device-local preparation; imported rows are captured,N/A,MIGRATED_UNIFIED_OUTBOX,app/src/main/kotlin/com/verto/app/data/backup/BackupManager.kt#restoreBackupData
